title,url,published,summary,source_feed,ingested_at,relevance_decision,relevance_reason,publisher,credibility_score,credibility,deal_type,deal_value,acquirer,target,synopsis,summary_method
"Tata Consumer Products Ltd stock (INE192A01025): Results, brands and U.S. relevance - AD HOC NEWS",https://news.google.com/rss/articles/CBMixgFBVV95cUxOOTM0UlU3OG1IblhRTGZESnY1LU9HZzFyVmk3U041UE9EVG94NTlmVTY1RzhMazgxUV9OcmUxS1ZZLWUyb1R6ald4WVpmTDlGUFdEdmxhcW15T1BHYmk5b1NjMjdDb2VMZ1czRDVkZDBHbjUzVDV0OEFFZTNLcVdyY0U3b0hwZHA2alkxWkxkRHg4aXoxbW9xRFhKRTB2NEoxcU1tbHpXUm9VaDhtdW0yeFhadnZYREp5eEhNYVpNVF9UXzVHRlE?oc=5,"Thu, 21 May 2026 07:00:00 GMT","Tata Consumer Products Ltd stock (INE192A01025): Results, brands and U.S. relevance    AD HOC NEWS",consumer_investment,2026-06-20T05:14:19.218061+00:00,RELEVANT,"uncertain: FMCG keyword matched, no deal keyword (possible sector commentary, or unusually worded deal)",unknown,2,MEDIUM,Other,Not specified,Not specified,Not specified,"Tata Consumer Products Ltd stock (INE192A01025): Results, brands and U.S. relevance",deterministic_fallback
Arla Foods Mayer Australia to acquire Brancourts - Food & Beverage Industry News,https://news.google.com/rss/articles/CBMiggFBVV95cUxOSzlCY1FJQmtRemxMSzI4WFoyVjhoYTMxeDdMdHNrZzRncmpkWlZiWl83VjRNTTFJQkExbjFpUDdTN2Fhc1hsbmI0TmtrcEZsQ1BZbVVZcnhUWFN0Yy1jcVZsaldiZ20yWThhMms3SF9jVmREeWMtdVBCdFZPNHNtb29n?oc=5,"Thu, 21 May 2026 07:00:00 GMT",Arla Foods Mayer Australia to acquire Brancourts    Food & Beverage Industry News,food_beverage_deals,2026-06-20T05:14:17.120550+00:00,RELEVANT,rule: deal keyword + FMCG keyword both matched,unknown,3,MEDIUM,Acquisition,Not specified,Not specified,Not specified,Arla Foods Mayer Australia to acquire Brancourts,deterministic_fallback
K Hospitality launches investment arm with ₹200 cr corpus to back consumer companies - Mint,https://news.google.com/rss/articles/CBMi-wFBVV95cUxOS1hUMzRHYTN2TlBQRmhEakE5alR6ZjJyUXJ3TTU0ODV3VnhidVl2Z245clhZcTJIVjhDblB6b2NEYUZJSThWZzhMbUJTTm80X0hiX21xamN5YTFfYkhIYTJFendBVVlMcUJNRGctTVlkcXNyR05sQ1NGaFo1NVFrMHpEck96bFcxMVp1dE9jeFBPLU9DQXN0TXpsRzAtb1k0MVpsNlBmWm04ZVNPZnZSV2Q5cXhYMDhmb3VmeW1UajRWM1hvMnFlWU1GOEd6dHZTNEZLQzV0dVJ4cllzdUNNcU5mYVAzaFJLU3FvMDdsWnJjSnlvYndLT1BwSdIBgAJBVV95cUxQTG9GSjFJSzNIV2M3dHlqajE5ZDhGVXo1X2IyTnpTV0pIZ0l1bzNFOW16bE1XXzR6VDAwZ19RUmtib3dnbW9fV0V2NGdMZWltM1VwS3VHcXR6eFBLUUtrR2dUbXpqZ0tjN2Z2N1oyeEpyVENkOEYxSXdFUUNLeHdyQlN3SGxmREt0ZHFMc0dKT3VROFJrUW1jWGNVRlkxbU5XZ1ROY1AtZDVkWFRkaEk4bnQzNGVRdjQydS1jNU1RUGtHa0dTNjRlVllGY2Z4V3l1SDN3LUdSNEVWbllNMC14elo4R3ZtTkJOSmtXZnI3bHdLcWlpSGZPUC1yaURVSjM3?oc=5,"Thu, 21 May 2026 07:00:00 GMT",K Hospitality launches investment arm with ₹200 cr corpus to back consumer companies    Mint,consumer_investment,2026-06-20T05:14:19.218061+00:00,RELEVANT,"uncertain: deal keyword matched, no FMCG keyword (possible off-sector deal, or FMCG company not on keyword list)",mint,4,HIGH,Investment,₹200 cr,Not specified,Not specified,K Hospitality launches investment arm with ₹200 cr corpus to back consumer companies,deterministic_fallback
Marico’s CEO Saugata Gupta bets on building the next digital-first brands from within - Storyboard18,https://news.google.com/rss/articles/CBMi0gFBVV95cUxPUnliWXVpWllSNFU4VkRnR3N6RHZnV0J3SF9PNzhkdHprX01fUy1MMUVtdTFnNXF3enIydDE2YkkwTDNqaWhhajRxcU5tTm1Ca0FydWQzMG5HLUdNa09UNUlDYW1fOFFqV3lWQ1RDMUNpVVM4UUdEYjBJMU1ra1ZSRWNocUlTcmlBSUlOQUk0NjlSa2VWc25rejdfNHlnTWxqZ1B6cHdpUFBxTTlfWEhiUUlGM3NzVEdoa2tMc3BEZ0l5LWVGY3oySURyMnd3UFpudlHSAdcBQVVfeXFMUGtVTlh0X2tSSm10NGV5bWdjYnB2b1ZwXzZmZEdZLXFCMzhjeVJRMU9kNFpkQm8xLV8zMjVUdUplRW1vbHZVYWYxbXF0bmg1MnNTUGlxQ0p3Y3JDN1FMSzJSc3F6VjVoQVNuYl83aWhfM0U3cHRqSURtOHFPSU5KeW93RmkxbkdIUUtKeHJEc3BGX3NjaXlOeVJMVktqamhIVXNoSE9vWW10QlpDUlAxaGVTakJjaHRvb1pLWXF5OXNjeTZ5bkg5MHhjdjVDbXFWdkJTTzlSX3c?oc=5,"Fri, 22 May 2026 07:00:00 GMT",Marico’s CEO Saugata Gupta bets on building the next digital-first brands from within    Storyboard18,fmcg_acquisition,2026-06-20T05:14:14.563462+00:00,RELEVANT,"uncertain: FMCG keyword matched, no deal keyword (possible sector commentary, or unusually worded deal)",unknown,2,MEDIUM,Other,Not specified,Not specified,Not specified,Marico’s CEO Saugata Gupta bets on building the next digital-first brands from within,deterministic_fallback
TVS Supply unit invests ₹59.56 crore in Swamy & Sons 3PL - scanx.trade,https://news.google.com/rss/articles/CBMirwFBVV95cUxPNW03Z2ZhU25JdzdTN3Z4ZDZkeVp1cUhmOWUxYVdjaFg4T1VHdUtDOVhaSktRRFM2b3NTOGlhMFJYZTFDdFNhZXhBOGYydHRNTDQ0VE81OVVqaU5HWnlEQVhzdGQ3T05paHNaeUlsOHBES1Q4SWtaUGFBZGdnUWY2WnREd0hHZ0ltdkNWb1hrUG9GWkVZQUNOTUtGeWpvYnJ0dG5wT1hfaUF4cGtIMEdj?oc=5,"Fri, 22 May 2026 07:00:00 GMT",TVS Supply unit invests ₹59.56 crore in Swamy & Sons 3PL    scanx.trade,fmcg_acquisition,2026-06-20T05:14:14.563462+00:00,RELEVANT,"uncertain: deal keyword matched, no FMCG keyword (possible off-sector deal, or FMCG company not on keyword list)",unknown,2,MEDIUM,Investment,₹59.56 crore,Not specified,Not specified,TVS Supply unit invests ₹59.56 crore in Swamy & Sons 3PL,deterministic_fallback
GT Voice: Acquisitions by Chinese corporate brands signify growing confidence - Global Times,https://news.google.com/rss/articles/CBMiYkFVX3lxTFBZdUE3QWwtZTBMRVBCajVGb2lMdTJxdmowTFlHY2hYWmZTaHJqcFp3VVBPTmJIVDZldjN2aTJ3RGxDakhYY0haZUxjcUFueDdSZkp4dmh1VGIwRFY5ZDh5UnB3?oc=5,"Sun, 24 May 2026 07:00:00 GMT",GT Voice: Acquisitions by Chinese corporate brands signify growing confidence    Global Times,consumer_investment,2026-06-20T05:14:19.218061+00:00,RELEVANT,"uncertain: deal keyword matched, no FMCG keyword (possible off-sector deal, or FMCG company not on keyword list)",unknown,3,MEDIUM,Acquisition,Not specified,Not specified,Not specified,GT Voice: Acquisitions by Chinese corporate brands signify growing confidence,deterministic_fallback
Ingredion offers US$3.7B to acquire Tate & Lyle in major global food ingredients deal - Milling Middle East & Africa,https://news.google.com/rss/articles/CBMiqgFBVV95cUxQNlVOcUNadXVRVUVpNFJ4anhPVVd1UXRhWXI2bVpHSVVVYTNtNWRWcEt1MHBIVUFKWW1IRUJQRndHUWNZN1kzS0gzOHlfeFY4OEkzUThnMTJoWVM1eEFxaHRUVkM3ZUZDZ0JFckM0bV9Xb0hleUNvTHk2NlY2c1VmM2xqQzRjRDdYTjRsckU1SEs5dVZFUHhjekxHMnp3R0dZX28xY0RNdms4Zw?oc=5,"Mon, 25 May 2026 06:26:51 GMT",Ingredion offers US$3.7B to acquire Tate & Lyle in major global food ingredients deal    Milling Middle East & Africa,food_beverage_deals,2026-06-20T05:14:17.120550+00:00,RELEVANT,rule: deal keyword + FMCG keyword both matched,unknown,3,MEDIUM,Acquisition,$3.7,Not specified,Not specified,Ingredion offers US$3.7B to acquire Tate & Lyle in major global food ingredients deal,deterministic_fallback
"Top 6 Stocks That Went on a ₹90,000 Cr Acquisition Spree in the Last 5 Years - Trade Brains",https://news.google.com/rss/articles/CBMinwFBVV95cUxPQWlUaGllNThHWHYtT0hsOVdVR0FVd0lnNEpLcmNleVpzcDZ2NGhCalplS2lrTXRZa2RiU3h4aXRxdG9MMzBwa05GWUttaGxCRXh6dld2Rk51NUVaa3ZEZjNQTmtQOGIyVGQxNlpkNmlQUzE0dWhwQXA2V205OG1qNDhHb3hiWm04UmtCSkR4bW5MYjBlbkRZMmxEMWlSajg?oc=5,"Mon, 25 May 2026 07:00:00 GMT","Top 6 Stocks That Went on a ₹90,000 Cr Acquisition Spree in the Last 5 Years    Trade Brains",fmcg_acquisition,2026-06-20T05:14:14.567266+00:00,RELEVANT,"uncertain: deal keyword matched, no FMCG keyword (possible off-sector deal, or FMCG company not on keyword list)",unknown,3,MEDIUM,Acquisition,"₹90,000 Cr",Not specified,Not specified,"Top 6 Stocks That Went on a ₹90,000 Cr Acquisition Spree in the Last 5 Years",deterministic_fallback
FMCG players gear up to tap into Rs 2.5-lakh-crore GLP-1 opportunity - Moneycontrol.com,https://news.google.com/rss/articles/CBMi0AFBVV95cUxNUkFLM0lTdDEycWp5S2M0alRJUkJCS0JOUmlCd3FlYkhlTkExb2FnSHAzRmgyVmNSblR1RXhLZmJGNXFIXzZzQWVJQzhxSWZNUjVXdEdHdk5yWjRBU3ZScGF5eGRJcWlfalVHQjdab3RkZWVzZ0FuY3hEU0tHdnVXbkdSMmx4d0c4R3ZFalQyTGVPaEd4WWZ2dnMzTnIwRENfWkJmaG1QaVp2c3JiU0c2V3lkMkhFcE9aOHluMjVvQlpWVEVnNklPVk9VNUYtVG5N0gHWAUFVX3lxTE9MeXlGNXBGbjJkb2V5ZWE2aGFGM3dKeTVWNDA5RFdCZG1TSWxJdkttQTgzLTFGY2gzZmZianc5dng5YXVMcUxvMmF6bklMcmxLQjZFOFk1X2lvaTJUNGxVcHFPZ2VIQWNYdm9CT2UwX1F0eUZHS3dVa2Y3LVR0NzVDZDExRnR6MUxnaHRTcjNiR0xnOGlpZkw5YVFtTGctbDZxYUl0TF85Tzc2dlpYaGwyMkRnM0YyNkQ1X2xnbzBGSFVkM1hQSHhtMUczaEFOVFM2NEI5V2c?oc=5,"Tue, 26 May 2026 07:00:00 GMT",FMCG players gear up to tap into Rs 2.5-lakh-crore GLP-1 opportunity    Moneycontrol.com,fmcg_acquisition,2026-06-20T05:14:14.563462+00:00,RELEVANT,"uncertain: FMCG keyword matched, no deal keyword (possible sector commentary, or unusually worded deal)",unknown,2,MEDIUM,Other,Rs 2.5,Not specified,Not specified,FMCG players gear up to tap into Rs 2.5-lakh-crore GLP-1 opportunity,deterministic_fallback
Heartland adds to sweetener portfolio with acquisition - Food Business News,https://news.google.com/rss/articles/CBMipAFBVV95cUxPTTNUYXAwRnRFMWNHZHI2dVhaLXh5VkV3SkdtYmh1S1JCR3luOTJaQWo1c05RZXFLUDBxZVkzOEtVUW42MmVaWDFwdlZhWXM0MnZUci1VU1Vha3FUaWJSWkhQVVdld1dEWE95ckFJY3JqWGVVNnJBX1VxOGd6b0lLY1hxNnpaUUJMMVhnaFZVRnQ1cHFidDJHekU3OTlZTENuUHJucg?oc=5,"Tue, 26 May 2026 07:00:00 GMT",Heartland adds to sweetener portfolio with acquisition    Food Business News,food_beverage_deals,2026-06-20T05:14:17.119547+00:00,RELEVANT,rule: deal keyword + FMCG keyword both matched,unknown,3,MEDIUM,Acquisition,Not specified,Not specified,Not specified,Heartland adds to sweetener portfolio with acquisition,deterministic_fallback
Hewitt Foods set to acquire Nolan Meats - Food & Drink Business,https://news.google.com/rss/articles/CBMijAFBVV95cUxPZjdHcC0xLUxjQ3g2MTUxdHB0d3dPTEhrOURfM2lzTTdwMUtnaDJHWl9YQ2psMHBYTW5ZOXhYRlIyVExvaGk4SHZxTndybUVqSVBRU2ltMEhYWFMtZUI0TWI0bGw1OE5QUDQwdmdRRGlLTkQ3MTdFVjNHa2JXajVvN2YySlJoSkF5cHpkbA?oc=5,"Wed, 27 May 2026 06:47:27 GMT",Hewitt Foods set to acquire Nolan Meats    Food & Drink Business,food_beverage_deals,2026-06-20T05:14:17.122561+00:00,RELEVANT,rule: deal keyword + FMCG keyword both matched,unknown,3,MEDIUM,Acquisition,Not specified,Not specified,Not specified,Hewitt Foods set to acquire Nolan Meats,deterministic_fallback
Unilever McCormick deal under pressure as backlash builds - FoodNavigator.com,https://news.google.com/rss/articles/CBMiwgFBVV95cUxNQ1RPVDc3Q2QwOUZCdTlmeHFJZldILTJaajl4SWpqQUJuaWpmNTFoZnpSR1JkVVNLbTlzQm1FZjBnVzJudDNWMFVNeWFsdDFqbGZOUEQ4NldfRUV4NzkyS0JwbGpZMU5aTkhCb2Y0RVJwakw1X3FYd1RDWl9HeG93UEpiS2lKZmRHR04yWjBvdXhSZUh0U19ycEhVUHlzRldkNmxmZDdKRV9BTk5zWXNjREpqZHJCWDBkQ3ljbWk2Z0RmUQ?oc=5,"Wed, 27 May 2026 07:00:00 GMT",Unilever McCormick deal under pressure as backlash builds    FoodNavigator.com,food_beverage_deals,2026-06-20T05:14:17.121560+00:00,RELEVANT,"uncertain: FMCG keyword matched, no deal keyword (possible sector commentary, or unusually worded deal)",unknown,2,MEDIUM,Other,Not specified,Not specified,Not specified,Unilever McCormick deal under pressure as backlash builds,deterministic_fallback
"Reliance targets multifold FMCG growth by 2030 through acquisitions, expansion - BusinessLine",https://news.google.com/rss/articles/CBMi3AFBVV95cUxPVDE2S1dWVFljcGlfb2NJbW5LSVJPNG1TR1ZIby1YUlRQZGh0WkowaXUzSWxGZjZ3LUFWR3FTcG1KaE1URERYaU1yaFhOeTJaYm9jTXNBTjd6Ykpqc0hmLXpRRlc4VDQ0ekNNWWt4SzJGQ2NBWF8tc1NqdEh0bGJVZlRMRms5TmllNWJmQnRaeHlVdVBQZXRmUmtUNHlEYVFPOFU0UWRQcXRYVmxMRWU2Qkw5N3lCcy05WjlGWVl1ZmxQUGpSZzk3SGRsQWlhSGVua3JIOVNFY0RlTlRM0gHjAUFVX3lxTE55M1hrVjFCRlkyeWpwUzlYT0lGM1p4eURfNk80RGxtVjJCb2ZSR181TTJZVGUtNG1RcHhoejcyODZzVjAxSWZCcElWNEJvWDBoV21GOVl5bzZ3aGxRcXY4aHRmUmF6T3c5WjFycWhqOFVvMWRBVjVkMkRUTDRJcXc1bmVTOGQ0MV9nRFQzMko4dlZTM2NGZ2RKX1JDMW15azZvUlJ6XzRYLURXbFpncTlFdXJhUGc4cngwUHFTYU9fWHF2LWhPZkVIcWZhM0hzV3E0Z0pPQWVIV2tCbFZ2eVhUSXlB?oc=5,"Thu, 28 May 2026 07:00:00 GMT","Reliance targets multifold FMCG growth by 2030 through acquisitions, expansion    BusinessLine",fmcg_acquisition,2026-06-20T05:14:14.563462+00:00,RELEVANT,rule: deal keyword + FMCG keyword both matched,business line,4,HIGH,Acquisition,Not specified,Not specified,Not specified,"Reliance targets multifold FMCG growth by 2030 through acquisitions, expansion",deterministic_fallback
"Splenda Maker Heartland Food Products Group to Acquire Equal, Whole Earth Sweetener Brands - foodengineeringmag.com",https://news.google.com/rss/articles/CBMi1wFBVV95cUxQVXMyUVlReWg4XzZqNkRDTHh6NDgxWHE2T1JNY3VpU29JZFZ1eE1RQlZCcTZPaDJZUl8xb2dNbTRmTzZTSnltcnllNzd2dkpDdjRqTFNMbUVYbG9FcFRSaVhyUWt0aVZORGtSM0xjSHdXell0NU1sNENUcHRwdXhjb0NCX1JDR3JyMEFEaFFGcGZJRmdoQTdjeXhCWlRmX0lBM01qWmhCRWZQQkNyNFVIUDhvaVhaSVJOUmRVd2dWbld2QlhzcmFYbzVpTlFVM3JDQnp0NDVQWQ?oc=5,"Thu, 28 May 2026 07:00:00 GMT","Splenda Maker Heartland Food Products Group to Acquire Equal, Whole Earth Sweetener Brands    foodengineeringmag.com",food_beverage_deals,2026-06-20T05:14:17.119547+00:00,RELEVANT,rule: deal keyword + FMCG keyword both matched,unknown,3,MEDIUM,Acquisition,Not specified,Not specified,Not specified,"Splenda Maker Heartland Food Products Group to Acquire Equal, Whole Earth Sweetener Brands",deterministic_fallback
Danone’s €1bn Huel bid sparks competition scrutiny - FoodNavigator.com,https://news.google.com/rss/articles/CBMiygFBVV95cUxQZmFpaUxiOHVrZmtrSmtNX3FIVngxVmw5NS0zVE84TUU2dzJ5MWNEVUZDRkxoc1I5d2x6ejdXSzhaNjB4U3owTnl1UHZ2dG9vYjg0Vjl3MkRhRUdHaHI0elNwbGZQQVpOY0I3eVNidDRpNE5kNzc2NWVaWG8teWtoV0NqcjAyaUtiZEs5dS02UG9sV21yWXNQYXBHTmhrNy10NHk2VEZNNG80dVB4T3dLYTZ0Q1RMMHVjWkZwbnJFbkxvcnZPWHd6U1hn?oc=5,"Thu, 28 May 2026 07:00:00 GMT",Danone’s €1bn Huel bid sparks competition scrutiny    FoodNavigator.com,food_beverage_deals,2026-06-20T05:14:17.122561+00:00,RELEVANT,"uncertain: FMCG keyword matched, no deal keyword (possible sector commentary, or unusually worded deal)",unknown,2,MEDIUM,Other,Not specified,Not specified,Not specified,Danone’s €1bn Huel bid sparks competition scrutiny,deterministic_fallback
List of 34 Acquisitions by PepsiCo (May 2026) - Tracxn,https://news.google.com/rss/articles/CBMipgFBVV95cUxQZVd1UF9KdkFNekx1YXNtaUZ1X3JSUHRTcktIY3ViMkI2SXlUWG1hNEg2N1hwYkx2MGFLcmVoWDdqUVE2ZzBVSGxDOU9RTXpia1pjYXpzZ0J6eEthVHkyOHpjNzNmRHZjeUVxVVl3azl5bURBUUYzMi1Ma3Ywa29CYko1dThXcXNQd19TaGdCTUVrUWFhT1d3SERfZDVXcUpVUDhTU2x3?oc=5,"Thu, 28 May 2026 14:45:02 GMT",List of 34 Acquisitions by PepsiCo (May 2026)    Tracxn,food_beverage_deals,2026-06-20T05:14:17.119547+00:00,RELEVANT,rule: deal keyword + FMCG keyword both matched,unknown,3,MEDIUM,Acquisition,Not specified,Not specified,Not specified,List of 34 Acquisitions by PepsiCo (May 2026),deterministic_fallback
CVC buys IFF’s food ingredients division for $4.3bn - Financial Times,https://news.google.com/rss/articles/CBMihAFBVV95cUxQaWVaYmZaOUd5dDExYWp4dHZxOW9HeWlWTVQtQlJQME01VzN3eG1uekoyVlVJUWZXVnY5RXVhaDkxUmlwcnIxa1AxT0hFT0EySmJDZjdETkZabTZEM3RqdzkxVEZqZlIwcldBSkU4bzBmYVFRd3JJWWdpWHVVTUhxekNYSG0?oc=5,"Fri, 29 May 2026 07:00:00 GMT",CVC buys IFF’s food ingredients division for $4.3bn    Financial Times,food_beverage_deals,2026-06-20T05:14:17.121560+00:00,RELEVANT,rule: deal keyword + FMCG keyword both matched,financial times,4,HIGH,Acquisition,$4.3bn,Not specified,Not specified,CVC buys IFF’s food ingredients division for $4.3bn,deterministic_fallback
Sagtec Global Limited Acquires 40% Interest in Malaya Heritage Holding Limited to Expand F&B Technology Solutions in Malaysia - Quiver Quantitative,https://news.google.com/rss/articles/CBMi9AFBVV95cUxOMEh3cUxyS1JmNUlKbzBWY2ZVUGNKMlYtZlJuYXJfN0hUQUdtaWNWTG93ZHpKYmdueTd3UzFvaEdyZ1dTcjctVTVBRG1wSWhHSkdaYllqX3dtandBcU5paG9rQUtkcUtrYW96QklSM1FINVliZjdpdGljTVIxNzFpdVJxWmlac0h2ZF8ybktRenI5WlVUVkFCYnB2Zndia3FNaDc1ZTNaLWZib0dpUVNoejFPTmg0MUpqNzYyS0gxQ09Uem1Ycktya1BPTlV3NnVPalc0aW9UUHJyVmNiUnFLR0NQV0hfaTUxeXl5TFZmTTVwRExp?oc=5,"Fri, 29 May 2026 07:00:00 GMT",Sagtec Global Limited Acquires 40% Interest in Malaya Heritage Holding Limited to Expand F&B Technology Solutions in Malaysia    Quiver Quantitative,food_beverage_deals,2026-06-20T05:14:17.122561+00:00,RELEVANT,"uncertain: deal keyword matched, no FMCG keyword (possible off-sector deal, or FMCG company not on keyword list)",unknown,3,MEDIUM,Acquisition,Not specified,Not specified,Not specified,Sagtec Global Limited Acquires 40% Interest in Malaya Heritage Holding Limited to Expand F&B Technology Solutions in Malaysia,deterministic_fallback
"K Hospitality Corp Unveils Kliff Ventures, an INR 200 Crore Consumer Investment Platform - Soul Of Hospitality",https://news.google.com/rss/articles/CBMi2gFBVV95cUxOcS04LWtyZkdoU0stVlQ1LXRtNWhSUUxaVy15TG5WdDhtY2pkRWdOTEZxRnZ2cUl5enF6WFpGVEpIV2YtREdoVmFPczQ4aUZSZFh5bzQxM0lsT25idUMzbzI0RkhtZC1FRVZITzk4aFgtcjRUeFl1QkNmc1FYSTBxcUhjd29fZEhoRENaTWtGOExtWDBXaGp5V3BXNzlPZ1N3ZGhRdm9fbnp0X0x0MTA4REJGVlpldzl5VGh1QTlrTmZHeE9xdzM0bS1Eak5Ob2RROW9ieENPakR4Zw?oc=5,"Sun, 31 May 2026 07:00:00 GMT","K Hospitality Corp Unveils Kliff Ventures, an INR 200 Crore Consumer Investment Platform    Soul Of Hospitality",consumer_investment,2026-06-20T05:14:19.217064+00:00,RELEVANT,"uncertain: deal keyword matched, no FMCG keyword (possible off-sector deal, or FMCG company not on keyword list)",unknown,3,MEDIUM,Investment,INR 200 Crore,Not specified,Not specified,"K Hospitality Corp Unveils Kliff Ventures, an INR 200 Crore Consumer Investment Platform",deterministic_fallback
13 Best FMCG Stocks In India June 2026 | Top Performing FMCG Companies - Samco,https://news.google.com/rss/articles/CBMihwFBVV95cUxOMngtUzVoQXlKSlFtdDdMWG1Rc01GQkcyQ0pZcWxITk1VLUppSHU3aWhZeHZFS1lKZXhCR0tGLXlZVG5mY0VOQzhqTEQxdFpoenpyQXhHZ0hiTUlheTluVDJMaGoyc0ZZRGx3Nkx4b1dhMTdLdUlQbkRiT2N3RTdjdEtfRzdyeFE?oc=5,"Mon, 01 Jun 2026 07:00:00 GMT",13 Best FMCG Stocks In India June 2026 | Top Performing FMCG Companies    Samco,consumer_investment,2026-06-20T05:14:19.218061+00:00,RELEVANT,"uncertain: FMCG keyword matched, no deal keyword (possible sector commentary, or unusually worded deal)",unknown,2,MEDIUM,Other,Not specified,Not specified,Not specified,13 Best FMCG Stocks In India June 2026 | Top Performing FMCG Companies,deterministic_fallback
"Alcoholic Beverages Market Size, Share & Trends | Report [2034] - Fortune Business Insights",https://news.google.com/rss/articles/CBMifkFVX3lxTE9qZ05PQWRMQTBON3pmQWhRT2htUDBRTU9LRmF4a2szd1Rybl9QeU9CTjhpSlQwbmxEM0tSUENaU2pBOUE5RHl6dHJHOUgtOThuSXBqWXV1ZDhEYjhjVnFsVW5BZDV4NXNSVXJvU3FNZV8ydURSUWNpQmkyMXJTQQ?oc=5,"Mon, 01 Jun 2026 07:00:00 GMT","Alcoholic Beverages Market Size, Share & Trends | Report [2034]    Fortune Business Insights",food_beverage_deals,2026-06-20T05:14:17.120550+00:00,RELEVANT,"uncertain: FMCG keyword matched, no deal keyword (possible sector commentary, or unusually worded deal)",unknown,2,MEDIUM,Other,Not specified,Not specified,Not specified,"Alcoholic Beverages Market Size, Share & Trends | Report [2034]",deterministic_fallback
Protein Works acquired by world leading dairy company Lactalis - TheBusinessDesk.com,https://news.google.com/rss/articles/CBMiuAFBVV95cUxNMkh3MVZjNE1EM2lnTUgtSkFlNzdHRlBzSVBFVy1DRWlSZU5PemYyUXB4MHJNdTFKWld3ZkV0Vjc4cGt3N0h1dllMcTdvMTNIbnpoZDFoLXpLb2UxS29rTVh1RWpibGM4d0Z2RU80X1hlWWF1TGNtbjFROElSREdmQXBBLTlSMGpGU2ZyNzhQbk9FS3hUSmhFRUJXMzJRWVdIdUZ0YndpWVM3bjZnbHFxNC1lZWRrZEdM?oc=5,"Mon, 01 Jun 2026 07:00:00 GMT",Protein Works acquired by world leading dairy company Lactalis    TheBusinessDesk.com,fmcg_acquisition,2026-06-20T05:14:14.565753+00:00,RELEVANT,rule: deal keyword + FMCG keyword both matched,unknown,3,MEDIUM,Acquisition,Not specified,Not specified,Not specified,Protein Works acquired by world leading dairy company Lactalis,deterministic_fallback
Bella Hadid’s ‘Ôrəbella Closes Growth Equity Investment Led by Silas Capital - BeBeez International,https://news.google.com/rss/articles/CBMirgFBVV95cUxQYWNxQ0prTmFJR2VKQzNMaXItZEZjRmp1R1IybjVFZC1kYWEzaE1jM1BfSnNubFNzSHIwa2E3NUs4Z2xEOXhWbmNBWTB4MTBEcDF2Sy11ZGVWbkFKS1ZwdG92VVJ0OWVqNjdQdFFnQXZOdG1VYmpuSlRNNzc4VXN3OXNacEozZElLVkJieV9EVWtyekZzRWVTdzNhZFQwNmRubmFpbkhvS2dEbVlUUWc?oc=5,"Mon, 01 Jun 2026 12:11:04 GMT",Bella Hadid’s ‘Ôrəbella Closes Growth Equity Investment Led by Silas Capital    BeBeez International,consumer_investment,2026-06-20T05:14:19.218061+00:00,RELEVANT,"uncertain: deal keyword matched, no FMCG keyword (possible off-sector deal, or FMCG company not on keyword list)",unknown,3,MEDIUM,Investment,Not specified,Not specified,Not specified,Bella Hadid’s ‘Ôrəbella Closes Growth Equity Investment Led by Silas Capital,deterministic_fallback
The news you need to know: May 2026 - Food & Drink Business,https://news.google.com/rss/articles/CBMihwFBVV95cUxOOXRuNExaZEZhRDhfMEVtS3dGQkZ5amg0Sld0UE5kcFNWeDE2NjhvTXN6bTdTVGxqUm9DcEhtZTRaTHBpeUVLWWMwZmZWcURKd3pfWWwxNVNudG1NZV9mc21lVlBUaTJoYk9LcUMwcmVTUmg4NFJoYkF3V2tPQWRkd0pXN1NIRVU?oc=5,"Tue, 02 Jun 2026 07:00:00 GMT",The news you need to know: May 2026    Food & Drink Business,food_beverage_deals,2026-06-20T05:14:17.122561+00:00,RELEVANT,"uncertain: FMCG keyword matched, no deal keyword (possible sector commentary, or unusually worded deal)",unknown,2,MEDIUM,Other,Not specified,Not specified,Not specified,The news you need to know: May 2026,deterministic_fallback
Church & Dwight Acquires Messy Eater Brand - Consumer Goods Technology,https://news.google.com/rss/articles/CBMidEFVX3lxTE83czJVUEN4QnBiN1lsRHgtX0dta19rSFFHTDdMUEw1Ymw1OE9WN3JSbV9fMm1ZREdDRlhDeTR5di1Fb3ZIZXdjbEVNY1JoUFpiejRhU29uZFlxUjNySVJSTk9aNnN0b3p3Rm1rWDV4Q3ZQNzFM?oc=5,"Tue, 02 Jun 2026 07:00:00 GMT",Church & Dwight Acquires Messy Eater Brand    Consumer Goods Technology,fmcg_acquisition,2026-06-20T05:14:14.565171+00:00,RELEVANT,rule: deal keyword + FMCG keyword both matched,unknown,3,MEDIUM,Acquisition,Not specified,Not specified,Not specified,Church & Dwight Acquires Messy Eater Brand,deterministic_fallback
"Emami completes IncNut acquisition, deepening bet on the personalised beauty boom - Storyboard18",https://news.google.com/rss/articles/CBMi0AFBVV95cUxPYW1lMVQyY1R0M29qd2NDWklMWDVVN0RmZ0EzcG51N0trZnhVOVpPLWxLY3dNMWN5YW9FUGFieWNxZkZmQlp6WG4yZmJJZ2FEaTRWYzROLVVselc1VUxlNEh3alNCRVd0c1JvamhwNHVxb2JPc2lseWxxOFFKekNyUDhteUlhUXdBb3ZrTVRNb0Q3c3RwdE14d0hfNk8xMVI4QzZhWkJpTXBEMG9TOHE2OXJHeUVYTVVyQ01Hb2tXSndYdUk3MnpLLUdLak1EekRs0gHWAUFVX3lxTFAtOTNjQ0pxNWliOEFJbXNRM2RIQzd1aUY3M1ViWFdiS3RmNjJ6RlNkUm5scGdYZnBhNFJ6Y3NJdTQ4U0k3YjI2SE5qQzFGY05GWjdXVEpFMzdSdURBN0Fjcmh5MExZN1ZLQkZJM2ctcVNqaVhWaVl5NjBwbFliSmoydWZvdmlmZzVTZVdQNlh5SXhBcVhrbjRkNHlhdTdFanJYcjQ0eDZYQ2JHcU15N0NZMktQTHY3Zi02UFhuUEM0WDVvMHg2VGtIcVZiTGNhUGJqZGNQa1E?oc=5,"Tue, 02 Jun 2026 07:00:00 GMT","Emami completes IncNut acquisition, deepening bet on the personalised beauty boom    Storyboard18",fmcg_acquisition,2026-06-20T05:14:14.563462+00:00,RELEVANT,rule: deal keyword + FMCG keyword both matched,unknown,3,MEDIUM,Acquisition,Not specified,Not specified,Not specified,"Emami completes IncNut acquisition, deepening bet on the personalised beauty boom",deterministic_fallback
Ingredion acquires Benicaros® -- a prebiotic fiber that supports immune health at extremely low daily dosage/intake - GlobeNewswire,https://news.google.com/rss/articles/CBMikAJBVV95cUxNWEhEaHdpX3ZjWTFJOWJrSkpiMnU2NG1Ja3lBQmx4ZGZ2THB6QmkwOVRuQTNRMHFjaHU0ZVJUMG5sMFNuQ3Zmdi0zUFdicTZqbUJaeWcyWGN4YV8tRDI5UTlIUTJZLUgySUNrOEZMcVpwcldNOURPb3JGUDBFTDREX0NEYS05d1hLWDNHM2RCWHFBYl94bzlBa1hrS01YcjIzMU9yOFFpa1hQY29FcGJENjlKT3BlMUZ0dnRaWFl3OUZWTWpuOEdwTW5ZLVBaRllKTVd6UjZ1cXc0NmprRUczeW1qWU9wR1BPaXluSFN4N2F1VFpwZzEzb2dac0ZrZkxRdEFHb2xFb0d0TnZYcTJRUw?oc=5,"Tue, 02 Jun 2026 07:00:00 GMT",Ingredion acquires Benicaros® -- a prebiotic fiber that supports immune health at extremely low daily dosage/intake    GlobeNewswire,food_beverage_deals,2026-06-20T05:14:17.120550+00:00,RELEVANT,"uncertain: deal keyword matched, no FMCG keyword (possible off-sector deal, or FMCG company not on keyword list)",unknown,3,MEDIUM,Acquisition,Not specified,Not specified,Not specified,Ingredion acquires Benicaros® -- a prebiotic fiber that supports immune health at extremely low daily dosage/intake,deterministic_fallback
Emami completes acquisition of 59.69 per cent stake in IncNut Digital - Indian Television Dot Com,https://news.google.com/rss/articles/CBMipgFBVV95cUxPR1cteGlYS3YwaXliZnhIek9MSE9PRzhEOVo4R3dOR3JFeXFjZnRpYVZOY0l0Q19kdWI2N045bk5QV3ZmREtKaVpXR0JVeFNyWXVjd2FvM3I4WFdEal9JMlM2WGpaZFdLSHoxc0daQ2RwYmk4NmxZY01uY0RMZWpKRVQxTVM4UDNTQU5CYVdROHpuZUVwN0EyWXJmUUdwNVpoUmNLaHJ3?oc=5,"Tue, 02 Jun 2026 07:00:00 GMT",Emami completes acquisition of 59.69 per cent stake in IncNut Digital    Indian Television Dot Com,fmcg_acquisition,2026-06-20T05:14:14.563462+00:00,RELEVANT,rule: deal keyword + FMCG keyword both matched,unknown,3,MEDIUM,Acquisition,Not specified,Not specified,Not specified,Emami completes acquisition of 59.69 per cent stake in IncNut Digital,deterministic_fallback
"Invicium Expands 3PL Capabilities with Prepak Acquisition, Boosting Fulfilment Capacity for Growing Australian Businesses - Macau Business",https://news.google.com/rss/articles/CBMi4AFBVV95cUxPV0FoeWZGYjVyY29EOUtJSUF2Q050QUdaeEw0Q0ZaeEdpaUppcTNmOW5RcVRqSHJucmF5TUM1SENEVWRYZm96NDNnYWpIZmJaM05ZWU8za01oai02YkZ5SXFielZMbUl6cGFFbnlBVmExY0hBUzMzZXVoMzAzUEI5ZmdPc2MtSlQ2TnZObXg4MjAtMm1DdmJuMVIwTm5tRktfOU5HVHRCTXp4WHBBM0FNY1V3dzNmTHFLQVhLZlFEdzkzWG5xNE9BNkQ4bjRUVllDbERqWlEtU1dUTFZodVJEVQ?oc=5,"Tue, 02 Jun 2026 10:09:32 GMT","Invicium Expands 3PL Capabilities with Prepak Acquisition, Boosting Fulfilment Capacity for Growing Australian Businesses    Macau Business",fmcg_acquisition,2026-06-20T05:14:14.565753+00:00,RELEVANT,"uncertain: deal keyword matched, no FMCG keyword (possible off-sector deal, or FMCG company not on keyword list)",unknown,3,MEDIUM,Acquisition,Not specified,Not specified,Not specified,"Invicium Expands 3PL Capabilities with Prepak Acquisition, Boosting Fulfilment Capacity for Growing Australian Businesses",deterministic_fallback
Marico's Digital Pivot: Can D2C Acquisitions Replace Old Moats? - Whalesbook,https://news.google.com/rss/articles/CBMi2wFBVV95cUxOYTNDY0pheDRvS3g3ODd6WkdYVFR5WjZDWWkwSk9RN05CU3YwY2MwaTdiWXBiQzJ1Nkh1VkVfcnVFMW1acElkZTBWZUZHcTIxV0hvbWV2Q2R1cEd1dTI2X2lLTUVndjExaF9hc25NZ1pGdjAwb0F6SC03c3o2SmwtZDZYUkhheTdQX1I1dHlidHV1M3hTUHlXMm9TSHVlTEJIVk1haVNsaUJhX1R3RU5lVlFVOFNEdTU4VmcyR1htTllreng3Q3QwdHpodDhQY2Rod1ZoVERETGx4UzQ?oc=5,"Wed, 03 Jun 2026 07:00:00 GMT",Marico's Digital Pivot: Can D2C Acquisitions Replace Old Moats?    Whalesbook,fmcg_acquisition,2026-06-20T05:14:14.567266+00:00,RELEVANT,rule: deal keyword + FMCG keyword both matched,unknown,3,MEDIUM,Acquisition,Not specified,Not specified,Not specified,Marico's Digital Pivot: Can D2C Acquisitions Replace Old Moats?,deterministic_fallback
List of 26 Acquisitions by Danone (Jun 2026) - Tracxn,https://news.google.com/rss/articles/CBMipAFBVV95cUxQSUpFY2VJN2V0Y0QxdTFsMmFRbUh4Q2JjYnp6UWFBcHM5WVlISDVWX0huX05EWFo3cDJ1Z0Y3dmdLc3pYUUNkS1JzdTlOTXlTVFlPNUN5dUpTX01RMTFYR0RmUUxtNnRDcjJVRlhrSVZ4bFdKQV9IbnV6MGpNcUQ5UkVCa2FkekpTeFM4OEhHMWVWdS1HTFhKelVDcjl3RG41MzBwNg?oc=5,"Wed, 03 Jun 2026 07:00:00 GMT",List of 26 Acquisitions by Danone (Jun 2026)    Tracxn,food_beverage_deals,2026-06-20T05:14:17.119547+00:00,RELEVANT,"uncertain: deal keyword matched, no FMCG keyword (possible off-sector deal, or FMCG company not on keyword list)",unknown,3,MEDIUM,Acquisition,Not specified,Not specified,Not specified,List of 26 Acquisitions by Danone (Jun 2026),deterministic_fallback
Nestlé snaps up smart food brand Yfood - BeverageDaily.com,https://news.google.com/rss/articles/CBMijAFBVV95cUxQbXVCOWlqUUZIaTFjZVZteXJsTHJVZHo1ZFBBbXFFc1lablpFZlNobXN2bUNYQU9LaHJ4YWt4Ti11ZWxtTEVTY1Fsd251THRwYWJ3WFJVN1BweTRibENqWVdOZkRod09RUFh6U1dxd081OS04VmgxZEVqVkJJR0RpZm9LOWRaalNGWWxEWA?oc=5,"Wed, 03 Jun 2026 07:00:00 GMT",Nestlé snaps up smart food brand Yfood    BeverageDaily.com,food_beverage_deals,2026-06-20T05:14:17.119547+00:00,RELEVANT,"uncertain: FMCG keyword matched, no deal keyword (possible sector commentary, or unusually worded deal)",unknown,2,MEDIUM,Acquisition,Not specified,Not specified,Not specified,Nestlé snaps up smart food brand Yfood,deterministic_fallback
Disaronno Group Completes Acquisition of Amaro Averna and Zedda Piras - Food & Beverage Outlook,https://news.google.com/rss/articles/CBMixAFBVV95cUxOSjZBNmFCYThtLVFlT25WQnlmLXRBX0RoWFNsVzNlNi1lX29BREJaZzV6M2JVdVN1TExDSmg1QWZROU9BUzVlMC1NQ0NDSmJwSU5FT0p0RGFvcjBQQUp6RVFKOHlQM21pVHRSYloteEhwclAtaWp2OXlwb2tmTFFWZGZ4cENIYkxWTUNWS2Z0OVR2aEJCc3dfM1RsTzN6SHRMS1A0MFN1Vld6VDRJOTBmeHdhUkhyb1ZuUFF6ZlpwWDZ5T1lX?oc=5,"Wed, 03 Jun 2026 11:30:39 GMT",Disaronno Group Completes Acquisition of Amaro Averna and Zedda Piras    Food & Beverage Outlook,food_beverage_deals,2026-06-20T05:14:17.119547+00:00,RELEVANT,rule: deal keyword + FMCG keyword both matched,unknown,3,MEDIUM,Acquisition,Not specified,Not specified,Not specified,Disaronno Group Completes Acquisition of Amaro Averna and Zedda Piras,deterministic_fallback
Ingredion strengthens functional fiber portfolio with Benicaros acquisition - NutraIngredients.com,https://news.google.com/rss/articles/CBMirAFBVV95cUxNRWtMc1BmT0ItSWFERDc3alZJemVCRHNiMkNydGREenNtMmZiSml2cFVkYjFhel9WdTBEdi1IM3pMSzZ6NnpVTm5mXzFNWVdkMWdFMTlTTTB6aEI3dFhMaUFyWUpYajVkUXNBM0htV2Z4OW1TZXp1Ymd5SFNzSUZHQzlKMXdPS1Uxbk16bTAwMk1xelQxeFZjNEZJZFAzVFAzbVJ5OTVZTmdhMi1i?oc=5,"Thu, 04 Jun 2026 07:00:00 GMT",Ingredion strengthens functional fiber portfolio with Benicaros acquisition    NutraIngredients.com,food_beverage_deals,2026-06-20T05:14:17.122561+00:00,RELEVANT,"uncertain: deal keyword matched, no FMCG keyword (possible off-sector deal, or FMCG company not on keyword list)",unknown,3,MEDIUM,Acquisition,Not specified,Not specified,Not specified,Ingredion strengthens functional fiber portfolio with Benicaros acquisition,deterministic_fallback
Ingredion acquires upcycled prebiotic fiber amid $3.7 billion Tate & Lyle bid - FoodNavigator-USA.com,https://news.google.com/rss/articles/CBMixAFBVV95cUxQWS1LeVV2S2hGWHUtUVRlM0NZbFRnbXJoekJFZ2VMUXBJdEhHOFQxUk1UbE81dk5wRGpVZWZtLWl5c1pNcFE0R0RPc3lQVElGWlJUR1p0ZDRIRUt6VFRXSGluQkIwb0l3aGpDMjZXdzYzM3dTOG04VkNVT1lyendQMEZ0aU5KNTdNdEZqR2M0V0ZfSmxHWHNPdEd1ejBuNi0zWkVEN0FNbkNjaDdCeXVhRmJERFA5QU5GdG5Vb3NwQm00YWpi?oc=5,"Thu, 04 Jun 2026 13:24:58 GMT",Ingredion acquires upcycled prebiotic fiber amid $3.7 billion Tate & Lyle bid    FoodNavigator-USA.com,food_beverage_deals,2026-06-20T05:14:17.119547+00:00,RELEVANT,rule: deal keyword + FMCG keyword both matched,unknown,3,MEDIUM,Acquisition,$3.7 billion,Not specified,Not specified,Ingredion acquires upcycled prebiotic fiber amid $3.7 billion Tate & Lyle bid,deterministic_fallback
Consumer - 2026 Market & Investments Trends - Tracxn,https://news.google.com/rss/articles/CBMiiwFBVV95cUxOXy1RNnQ0QlV6ZjZUX3pZcGZnekdaMzBadzIwQWhBNTMxQU85MnZodUsxYldkcUhiNHI3WDBfRm9RSFp4VE96UmU0dmVOQXBIeG80THVGUW9Iem1DZlRFX2FUMW9DRXZYUmpvYXBKM3hybWw5YUpsVWtmY0NaN0k4Uy1DXzVhUHJsYVl3?oc=5,"Thu, 04 Jun 2026 21:52:42 GMT",Consumer - 2026 Market & Investments Trends    Tracxn,consumer_investment,2026-06-20T05:14:19.216069+00:00,RELEVANT,"uncertain: deal keyword matched, no FMCG keyword (possible off-sector deal, or FMCG company not on keyword list)",unknown,3,MEDIUM,Investment,Not specified,Not specified,Not specified,Consumer - 2026 Market & Investments Trends,deterministic_fallback
"NCC, Bajaj Electricals, and 5 Other Stocks in Which Promoters Bought Stakes This Week - Trade Brains",https://news.google.com/rss/articles/CBMiqwFBVV95cUxOV3dwTXdhYWpIamN1ZlZxdTdPb2xLMHlzbldZcGZiRElzNzRVRFh2Mkp1X3lFcmpwVDJMZ1M2NUVWcHphdmJJajVPUVRTVTRTVHg1cXVpVGRVeDdaQ05MOVFYbE9PNEhaekdiZ0JidERUaXhNbHo5ZDJCRTJXTGx5dm5LZzNNSjlBd1NPLXNYaGZjM0UzazBoV0QtbGhPalVXLV9jUGJ6TFhNTjg?oc=5,"Fri, 05 Jun 2026 07:00:00 GMT","NCC, Bajaj Electricals, and 5 Other Stocks in Which Promoters Bought Stakes This Week    Trade Brains",fmcg_acquisition,2026-06-20T05:14:14.567266+00:00,RELEVANT,"uncertain: deal keyword matched, no FMCG keyword (possible off-sector deal, or FMCG company not on keyword list)",unknown,2,MEDIUM,Acquisition,Not specified,Not specified,Not specified,"NCC, Bajaj Electricals, and 5 Other Stocks in Which Promoters Bought Stakes This Week",deterministic_fallback
"Quick commerce ad revenue to hit ₹4,900 crore as FMCG funnel collapses - ET BrandEquity",https://news.google.com/rss/articles/CBMiwgFBVV95cUxNUVd5dHQ4ZWY1UFl1dm1lb2RHRmU0dXI4dWozcVJqeWc0WWxvX2NXRFhjOTJVVE9Ub19FTmM3UG0ycnBLVzZjYTd0OW5nV0lQcEp1bUNDZU5WUFEzZlE0ZjNIdDJQRUVHX2RKWFo2ZHUyVFBjb0FPNjlJemlqZWs5TThjbmdHdlQwS05yMlhXRVpOdlYzX1B0ZXZxcm9jLTl5VUN4Y0E4YWhlUWloUktwaTMwSEV0ZVZMVjd1aHdXaFlKUQ?oc=5,"Sat, 06 Jun 2026 07:00:00 GMT","Quick commerce ad revenue to hit ₹4,900 crore as FMCG funnel collapses    ET BrandEquity",fmcg_acquisition,2026-06-20T05:14:14.563462+00:00,RELEVANT,"uncertain: FMCG keyword matched, no deal keyword (possible sector commentary, or unusually worded deal)",unknown,2,MEDIUM,Other,"₹4,900 crore",Not specified,Not specified,"Quick commerce ad revenue to hit ₹4,900 crore as FMCG funnel collapses",deterministic_fallback
Historic British food company sold to US rival in major £2.7billion takeover deal - GB News,https://news.google.com/rss/articles/CBMickFVX3lxTE40MG5XQVFUXy13TGtUNUloMHc4dVVVajhaYXQ4c3lFWVdTaHRpdHA3X2c4eVZOTWVIOHpLckdUeHZ6Vl9ZYjZVU1ZBNGpSTUduM1BTdTV3dnlSb1pkTktzcFB2RXduUXM5X3YtRFZfN2RLUQ?oc=5,"Sun, 07 Jun 2026 07:00:00 GMT",Historic British food company sold to US rival in major £2.7billion takeover deal    GB News,food_beverage_deals,2026-06-20T05:14:17.123549+00:00,RELEVANT,rule: deal keyword + FMCG keyword both matched,unknown,2,MEDIUM,Acquisition,Not specified,Not specified,Not specified,Historic British food company sold to US rival in major £2.7billion takeover deal,deterministic_fallback
"Tata Consumer Products to Participate in Six Investor Conferences Between May 26 and June 08, 2026 - scanx.trade",https://news.google.com/rss/articles/CBMi6gFBVV95cUxNSFBza0pjYUJyRG5rZmlzT3NfOEFGb3MxcmxoeDlZTlZZZW1Ha3hkVWdTeEJya2JETF9SLU9mMXk3cmxMaGY3eU5kVmg3dGVHNUY0Uk85TlpEQVphQjhPa2JHOE45c2RiaERBQlZ5NzFtcGdheXEwak8taW51QTdoUWYtV3NXdTBlV2dnbGU2VTRjWl9YRktyLTl6YklZTk5YWkZnc3RGRW9PbmlMWDN1d3Q1TXUxRXRJUkhfbUI4WC02eHg1ZjUxakU3bXhleVVVNVB5NmowYzU3ZFdyUHl0T0ZrNWFQVmVSeUE?oc=5,"Mon, 08 Jun 2026 07:00:00 GMT","Tata Consumer Products to Participate in Six Investor Conferences Between May 26 and June 08, 2026    scanx.trade",consumer_investment,2026-06-20T05:14:19.217064+00:00,RELEVANT,"uncertain: FMCG keyword matched, no deal keyword (possible sector commentary, or unusually worded deal)",unknown,2,MEDIUM,Investment,Not specified,Not specified,Not specified,"Tata Consumer Products to Participate in Six Investor Conferences Between May 26 and June 08, 2026",deterministic_fallback
Ingredion's $5B Buy Targets Demand for Healthier Food Ingredients - Powder & Bulk Solids,https://news.google.com/rss/articles/CBMioAFBVV95cUxOLW45ZXlLRnNtdkJEWWlPYjUwRTY1bXBFY1NNYUxBV0x4bjhHdjJNbXJKRi1uUzAwdnlybFQwWC05dExHUUVOYkloMGRDWTJObHBZaU5DRlNRMDBMLUZWSWhZOGlRTU9nLTZLWWJLNjhuNTFpVEd3ZmFJU2twQU1vNnlrMjBkNHFkekhOekdnR09ETHNtQTZfMkdEVWRIaWFs?oc=5,"Mon, 08 Jun 2026 07:00:00 GMT",Ingredion's $5B Buy Targets Demand for Healthier Food Ingredients    Powder & Bulk Solids,food_beverage_deals,2026-06-20T05:14:17.119547+00:00,RELEVANT,"uncertain: FMCG keyword matched, no deal keyword (possible sector commentary, or unusually worded deal)",unknown,2,MEDIUM,Acquisition,$5,Not specified,Not specified,Ingredion's $5B Buy Targets Demand for Healthier Food Ingredients,deterministic_fallback
Ingredion Announces Recommended All-Cash Acquisition of Tate & Lyle - GlobeNewswire,https://news.google.com/rss/articles/CBMi0wFBVV95cUxNQ1RHQXN2a3dIRFJKYU0welhqSXk1ZWNZelVJdU93RlVsOTZ3cTRPNFBYTElrN3JFenJwc1RNOGx1azJNblh5MmpPeHprNENGUVVnVEpxcFBwRG5XVHF0UEtCR2hIeko1T01xLUxYaWFEODhCSDkwRkw0Zm9RdlVlWk9iekg1d3gwMWp4RnVXY3B3Q1lFTFBOQnJrNUNhZ3hZLXE3SW1aM1dhUXlqY25VZjRhYmFjdjU3Z2c1ZTNJdWJROXpCMVJiZTBPLXNFdnVyS3Fv?oc=5,"Mon, 08 Jun 2026 07:00:00 GMT",Ingredion Announces Recommended All-Cash Acquisition of Tate & Lyle    GlobeNewswire,food_beverage_deals,2026-06-20T05:14:17.119547+00:00,RELEVANT,"uncertain: deal keyword matched, no FMCG keyword (possible off-sector deal, or FMCG company not on keyword list)",unknown,3,MEDIUM,Acquisition,Not specified,Not specified,Not specified,Ingredion Announces Recommended All-Cash Acquisition of Tate & Lyle,deterministic_fallback
European Stocks Mostly Lower in Early Trade; UK Food & Beverage Firm Tate & Lyle Jumps Nearly 14% on GBP2.7B Takeover; US Futures Mixed - aastocks.com,https://news.google.com/rss/articles/CBMilgFBVV95cUxPWndnalRGODJwU0xLQjRlUHU3ZEE4TVFVb0QtWWFHSV9hWmJpZ2c3aGVnMnIxcE55UXEzNGlPdl9qaTNNMmhXc21YQ052VjI4R0x4OUdwYlpBSFRLUS1fay05bXNNeDJUejd1RHhKZk45ckdxUFdNc1dubXlzYXJlcWNYb0NnbjNpMHZpeW4weW5QVnlxVFE?oc=5,"Mon, 08 Jun 2026 10:02:00 GMT",European Stocks Mostly Lower in Early Trade; UK Food & Beverage Firm Tate & Lyle Jumps Nearly 14% on GBP2.7B Takeover; US Futures Mixed    aastocks.com,food_beverage_deals,2026-06-20T05:14:17.122561+00:00,RELEVANT,rule: deal keyword + FMCG keyword both matched,unknown,2,MEDIUM,Acquisition,Not specified,Not specified,Not specified,European Stocks Mostly Lower in Early Trade; UK Food & Beverage Firm Tate & Lyle Jumps Nearly 14% on GBP2.7B Takeover; US Futures Mixed,deterministic_fallback
Maggie Beer moves to offload hampers unit for $10m - Food & Drink Business,https://news.google.com/rss/articles/CBMimgFBVV95cUxOM2NUd3ZRZWQzRm55WnVIRnhWYlBQYTBsclFxdGJyR1ZubUUySXZOUk1feFJpbS1BVlJjejJTQWdvS3NEUElvaFNwNWpiVElNNExkSVVsa2JtTGRLRmxsX2lzbVNVeW9RR3ZiQjE5RWlVVGJvakQ3NkJKZjNNLUhiZVZBYWJ5WE1fTnp2OU5veHVhXzQtVkM0dGdn?oc=5,"Tue, 09 Jun 2026 07:00:00 GMT",Maggie Beer moves to offload hampers unit for $10m    Food & Drink Business,fmcg_acquisition,2026-06-20T05:14:14.565753+00:00,RELEVANT,"uncertain: FMCG keyword matched, no deal keyword (possible sector commentary, or unusually worded deal)",unknown,2,MEDIUM,Acquisition,$10,Not specified,Not specified,Maggie Beer moves to offload hampers unit for $10m,deterministic_fallback
Solina expands into Beverage Innovation with Acquisition of Twang Foodservice - PR Newswire,https://news.google.com/rss/articles/CBMizgFBVV95cUxNdkZlVEM4amg1RXF6RGRpanNpSExOdWlaZ2k3QUFMZjYyOHlCU0pvTVJjQW9tMnVmSEdTZ2lxckJCbkIwdjhFNEk0Z1FDQkd3Y0xIMzJ5Z0tfR0FMWjV1ZEw4RWlUUEljWFRJYVVwa0lycnJscm1xR0RfY05KNWJ0b05sY3BtcTVsQjFvRk5XMDhPUGc5SGRnZG9NZm4wQkNDanBaTzc1emFsWEhEYnFGWTVnZHFHUnRzRGd3SEJVd3NqajJfQVhVc2pEWFFDQQ?oc=5,"Tue, 09 Jun 2026 07:00:00 GMT",Solina expands into Beverage Innovation with Acquisition of Twang Foodservice    PR Newswire,food_beverage_deals,2026-06-20T05:14:17.119547+00:00,RELEVANT,rule: deal keyword + FMCG keyword both matched,unknown,3,MEDIUM,Acquisition,Not specified,Not specified,Not specified,Solina expands into Beverage Innovation with Acquisition of Twang Foodservice,deterministic_fallback
Beauty boom to fuel more dealmaking as FMCG giants chase premium brands - Moneycontrol.com,https://news.google.com/rss/articles/CBMi1AFBVV95cUxPOGxIYjFIRE5pS2g3YzNiZXI4TlVnZ0FuMkRMalhucEhxRzZGQnpmRnFlWExCY3RyRlkxOXk0SG40SUxCUEY3OHRLOC1STmRVR0VWbE9qMFBCVTlLSHZSbnliVmhUUEtNZlFmaGx6TUpzajJfVnhhcXVWRklDaFc0TXhtOFQ5MDNUNTJvczNzMXJzU3lUQkpVenJBYV85N2dEN1ZEdXFDdFZ0REdwQ0hIX3IyREhfc3ZXSGdHN0padDVkazlVT0hLaXd3Tl9fVHdrbW1pMNIB2gFBVV95cUxPRXZaTkFyMlN5RkJYcDkxZzdJYTF0ZEwwbHRiU003Wkxra0lvalJRUkZMVXpYU1dKYlM0X2lZckhLajVSTDN0UU9tZEpmMndaOFFDN1FPY1JxbGtBRV9KZHAtVDgzTjRJWEw5RlRSWEpWVlgxVV9EY2ctRWx3T0t3VmMtWlpIMGZrM1luQjY0YUk5d3FzaldXdDVSX0xDNHFHTGgyRlhrTExwbHNmb3k5VGVENUdkT1JKLThYaEpZazkwY0E1LXlzOWNudFkwaWt6QXpPdE5qZW1YUQ?oc=5,"Tue, 09 Jun 2026 10:18:10 GMT",Beauty boom to fuel more dealmaking as FMCG giants chase premium brands    Moneycontrol.com,fmcg_acquisition,2026-06-20T05:14:14.562862+00:00,RELEVANT,"uncertain: FMCG keyword matched, no deal keyword (possible sector commentary, or unusually worded deal)",unknown,2,MEDIUM,Other,Not specified,Not specified,Not specified,Beauty boom to fuel more dealmaking as FMCG giants chase premium brands,deterministic_fallback
India ka Beauty Market: FMCG Giants ki D2C Brands par nazar! Kya investors ko hoga fayda? - Whalesbook,https://news.google.com/rss/articles/CBMi4wFBVV95cUxPQVVGOUZwajNOMTBHdzNsUkpsRGhXUXpudE5WVmpyN3ZmaDRkTjBOOTE4cnl6WnB4MW45Qk12N1lWUE1mYUU4XzlseXdBSEl4ejNaSmZBR1NnbXVEYkJBWWZVbWxmUHVTaC1sWV8wVy13cjkzUW9sYnF4YTd2RW44ZFhRLWg3azNCY01lR2o5MGpHVVpja1dQRGdpMW5ndnlNcVQwb2EtaGlxZE1nNFhoNFZacXgtWFNSYTZFeFBSaGJyYVVTMFE1YjlTNTM5LTZhQUluS1U3TjBIOWR4TlhJXzgzcw?oc=5,"Tue, 09 Jun 2026 10:25:40 GMT",India ka Beauty Market: FMCG Giants ki D2C Brands par nazar! Kya investors ko hoga fayda?    Whalesbook,fmcg_acquisition,2026-06-20T05:14:14.566761+00:00,RELEVANT,"uncertain: FMCG keyword matched, no deal keyword (possible sector commentary, or unusually worded deal)",unknown,2,MEDIUM,Investment,Not specified,Not specified,Not specified,India ka Beauty Market: FMCG Giants ki D2C Brands par nazar! Kya investors ko hoga fayda?,deterministic_fallback
FMCG Giants Race to Capture India’s $40 Billion Beauty Market - Whalesbook,https://news.google.com/rss/articles/CBMi4gFBVV95cUxNSFpYak5aTi1GU3oxWDhvbE9mN00zX0lxc2xDSFRJbEFOb2xVUng2b3ZWTnhjSnpTYW9YR3R6Z2RwOEN1cnlGbGRUY2NYdmNoYU1RT1dRbnpqT3ZyTU52ZGJhRi1aaHp2V0djYktEU2FTTy1FSHBwVXFlU1BpV0doYkMwdkdkTF9sckVYOFBQXzVxWTVIYWJQZjF0Vmt0THExenpGVEVjc0U0REVJR3NvcjdPU0UyLUVRQk9oX2FrenZ3REl0Z3lfQ3NZTjhxSjM0VElBODFvYzEzY0Z5dE13UTVR?oc=5,"Tue, 09 Jun 2026 10:25:40 GMT",FMCG Giants Race to Capture India’s $40 Billion Beauty Market    Whalesbook,fmcg_acquisition,2026-06-20T05:14:14.566761+00:00,RELEVANT,"uncertain: FMCG keyword matched, no deal keyword (possible sector commentary, or unusually worded deal)",unknown,2,MEDIUM,Other,$40 Billion,Not specified,Not specified,FMCG Giants Race to Capture India’s $40 Billion Beauty Market,deterministic_fallback
United Kingdom: Ingredion agrees £2.7 billion takeover of Tate & Lyle in major sweetener industry deal - Dailyhunt,https://news.google.com/rss/articles/CBMinAJBVV95cUxPUUtFZ1BaYTM3N2lMTHZFLWRPRkNsYVBOdV9qN2R4Z0NqU043SXRJa1NVcWtOcXg2eUFPdzZQWkEwVFg5bU5Lai1aZ0VOSGpDVzVoc0F2WkNyVFN3QXBsUFNGUGRNSUppOW8wbDNLcXlicl90MkxoeXhpa25qZ0s0aGJPelpCMEFkMzlwSm1FUHJGMHpEdlJkYlU2ZTMyMGZxWXlXdnZNU3JkWEtoX1FLT3ZJMkwxMExweTdXcjV2X1RXSmdOUUY3STlZVWZiSW9vSlR1TGZrNWJzV1R4ZVo3dnVXTlBrZjI5UkljSEoxRDI3VjRNY2FMYUNwcElBbXlhMFJienVmV3hYV3Z1dDFKemk1dTRFREtyV3lDeQ?oc=5,"Tue, 09 Jun 2026 14:10:23 GMT",United Kingdom: Ingredion agrees £2.7 billion takeover of Tate & Lyle in major sweetener industry deal    Dailyhunt,food_beverage_deals,2026-06-20T05:14:17.123549+00:00,RELEVANT,"uncertain: deal keyword matched, no FMCG keyword (possible off-sector deal, or FMCG company not on keyword list)",unknown,2,MEDIUM,Acquisition,Not specified,Not specified,Not specified,United Kingdom: Ingredion agrees £2.7 billion takeover of Tate & Lyle in major sweetener industry deal,deterministic_fallback
"Casey's to open 120 stores through acquisitions, new construction - CSP Daily News",https://news.google.com/rss/articles/CBMinwFBVV95cUxPXzk0eUNELUVnSEF2MURfdTJEY1ZOMGtyS1hrNlNsbkdyVTFwVmlUTWNUWkc2U2EzWG9ULWRXdnJxaUJBblc5bjhaY1JuTlpSLWZzOVVPQ3pYN3pWSjRDVTdyRlplalp4MTBLOENrbDVISjA1WVh5dnJtbmpoY0E0QUtFWTZUSG5QUlpqSDZqUC0wcHBVcnh6djdZYnBhQVk?oc=5,"Wed, 10 Jun 2026 07:00:00 GMT","Casey's to open 120 stores through acquisitions, new construction    CSP Daily News",food_beverage_deals,2026-06-20T05:14:17.122561+00:00,RELEVANT,"uncertain: deal keyword matched, no FMCG keyword (possible off-sector deal, or FMCG company not on keyword list)",unknown,3,MEDIUM,Acquisition,Not specified,Not specified,Not specified,"Casey's to open 120 stores through acquisitions, new construction",deterministic_fallback
"Unilever plc stock (GB00B10RZP78): Dividend policy, portfolio reshaping and consumer trends under sc - AD HOC NEWS",https://news.google.com/rss/articles/CBMixAFBVV95cUxOWFhHYU51WHNVN2dCVm9lQW5MWl80U1ZuTm9pb1NwZVBGZERhV2RZOC1MVExzaFV5ZU1FanlsdmwzcDRVZmtSV1dBaThWcFhYdWw1Q2pZRlBQUDBueU9hUGxzNDJVX0ZwRFl4a3BMaXlhX1V1VmxwWlZzZWhkSWNUTzVTUFBCMjhLOThjOGQ0bi1iZ3FuMXNSWFdjcXVxdDBTc0pyLTd6YVRMQjhhOHhGby1CM29PVlpqOVdSdjNSV1FEM2Fn?oc=5,"Wed, 10 Jun 2026 07:00:00 GMT","Unilever plc stock (GB00B10RZP78): Dividend policy, portfolio reshaping and consumer trends under sc    AD HOC NEWS",consumer_investment,2026-06-20T05:14:19.218061+00:00,RELEVANT,"uncertain: FMCG keyword matched, no deal keyword (possible sector commentary, or unusually worded deal)",unknown,2,MEDIUM,Other,Not specified,Not specified,Not specified,"Unilever plc stock (GB00B10RZP78): Dividend policy, portfolio reshaping and consumer trends under sc",deterministic_fallback
A Fresh Splash in Beverages: FlavorSum Adds Beverage Flavors International - Business Wire,https://news.google.com/rss/articles/CBMiygFBVV95cUxPemZtLWt2WGdpT0NUMk55RDRHd2lvSkJKTVZIOTRERTgySWpMa0RINlFzSzVhYmE2emFjUHFFQVg5U1VfeVhQa0xPTV9RWHVLZml5UXlyZjZpbGZZelZwbmxYTHIyWHJOcTAtMVRTV2tUY2dmMVM4SVRKQldYV3cxZzNkYkVrbEl2S1NMUWdvQkdfSFRKV1VWRHdLSTJWUG5GNkJqempSM1hIRXhhWWVrbkFGMU1xX2xtYlY0RzZhRXFhUU9RWE5MNEtB?oc=5,"Wed, 10 Jun 2026 13:00:00 GMT",A Fresh Splash in Beverages: FlavorSum Adds Beverage Flavors International    Business Wire,food_beverage_deals,2026-06-20T05:14:17.119547+00:00,RELEVANT,"uncertain: FMCG keyword matched, no deal keyword (possible sector commentary, or unusually worded deal)",unknown,2,MEDIUM,Other,Not specified,Not specified,Not specified,A Fresh Splash in Beverages: FlavorSum Adds Beverage Flavors International,deterministic_fallback
Emami's Strategic Shift: Acquisitions and Digital Focus in Focus Amidst Growth Pains - Whalesbook,https://news.google.com/rss/articles/CBMi-AFBVV95cUxPWEdmcDF4djEtTjNiVURIN3lUUWNWeDM3c3JLTFg5TGQ5RldIR1dsWUdKYjZMay1Zc1YzdHBNeE9NTFU0S1FmbmNSaENCc213WXgtOHUyTXo5NXFKWVRwUkRBNHZrRnBtTGd4blhtcFV6X28yRUgwbXM1bzdWczFhbzRhZmllNENaQUJNdGNtMHFvWm5UaXZxX0hMc0Y1OG9yakJlSDVPNVpxeldaZ0dNblhTTFVPWmoydmQtR1F6YWNnVDZySXA1MndfaVFPT2E0Y0I4Q2V3Zkpkb0tzeFlDTVF5VVZiVUJIMnRCanF6Tk1PemJGQ0sybw?oc=5,"Thu, 11 Jun 2026 03:56:35 GMT",Emami's Strategic Shift: Acquisitions and Digital Focus in Focus Amidst Growth Pains    Whalesbook,fmcg_acquisition,2026-06-20T05:14:14.567774+00:00,RELEVANT,rule: deal keyword + FMCG keyword both matched,unknown,3,MEDIUM,Acquisition,Not specified,Not specified,Not specified,Emami's Strategic Shift: Acquisitions and Digital Focus in Focus Amidst Growth Pains,deterministic_fallback
"Encore Announces Sale of Twang Foodservice Division to Solina USA, Inc. - Business Wire",https://news.google.com/rss/articles/CBMixgFBVV95cUxOM1hscnBDYUhCSGFENV9ZUzFWZFBLNTJ1UVY1LWpKUzlKOHcwZjVYV01VVFc0QnhXNVdVVVM0STlRYnZ2bmFHRzIyVFZ5V1NZTmoxamJ6Q0c4cm1CeHBKZlprdlJsMFlWY2tRdW1kOTh4NEJuQ2RaNkpBbHM2bTV0VERPWnRkeFdUS0N5dzRlUTdQTjZya2NSeHB2N1dzWnFNUnpjMkdVT0hJdXFVaUNCb2NPUjNVZ1Z2WHBKLWpLSzhQSGQ0N3c?oc=5,"Thu, 11 Jun 2026 15:00:00 GMT","Encore Announces Sale of Twang Foodservice Division to Solina USA, Inc.    Business Wire",food_beverage_deals,2026-06-20T05:14:17.121560+00:00,RELEVANT,"uncertain: FMCG keyword matched, no deal keyword (possible sector commentary, or unusually worded deal)",unknown,2,MEDIUM,Acquisition,Not specified,Not specified,Not specified,"Encore Announces Sale of Twang Foodservice Division to Solina USA, Inc.",deterministic_fallback
Meesho to acquire Kirana Club in Rs 202 Cr deal - Entrackr,https://news.google.com/rss/articles/CBMiigFBVV95cUxPQnZqVzFJaUc2LXhXLWxTR0l4aGxhUG5GRWZjUXpkNXlucWVQZThzRlNCc2xSNjFIVzY0T3hyejZObFJ5S2thc0d5TUI0a2hHa3Zxd25UTm9mLVk2dlVWcF9HNzNweXQzaHU1TWFUeWJYWk1jRk40MGQ2VnZKM01wbTVEa19RT01iU2fSAYoBQVVfeXFMT0J2alcxSWlHNi14Vy1sU0dJeGhsYVBuRkVmY1F6ZDV5bnFlUGU4c0ZTQnNsUjYxSFc2NE94cno2TmxSeUtrYXNHeU1CNGtoR2t2cXduVE5vZi1ZNnZVVnBfRzczcHl0M2h1NU1hVHliWFpNY0ZONDBkNlZ2SjNNcG01RGtfUU9NYlNn?oc=5,"Fri, 12 Jun 2026 11:37:29 GMT",Meesho to acquire Kirana Club in Rs 202 Cr deal    Entrackr,fmcg_acquisition,2026-06-20T05:14:14.563462+00:00,RELEVANT,rule: deal keyword + FMCG keyword both matched,entrackr,4,HIGH,Acquisition,Rs 202 Cr,Not specified,Not specified,Meesho to acquire Kirana Club in Rs 202 Cr deal,deterministic_fallback
"Cygnet.One acquires majority stake in TechPoint Business Solution, strengthening SAP practice - CXOToday.com",https://news.google.com/rss/articles/CBMiyAFBVV95cUxNaWs0WTI3bGcyeU11V0lDZS0xLTE3ZHIwYVQzcC1OVXNGc2Ric3Z0blZsLTRFQzFNLVh3WXFwVmZJMFBfa3ZFTW1LOENZaExiWDZZa0RHMWh1cXZPYWNhUW41anNvWkNqeFE2Y1BQWWhhekxESzR3NWQwU3hJaEF4Z2phT3d0QUZ2NjZSdjlnblpaWUxybVdld2tHVnRLeU9RY1B6QWtXQXdzdktTRjYtdHhicXU3RHBPZ2I3OTFxd3BfRkhZRmVxeA?oc=5,"Fri, 12 Jun 2026 11:59:16 GMT","Cygnet.One acquires majority stake in TechPoint Business Solution, strengthening SAP practice    CXOToday.com",fmcg_acquisition,2026-06-20T05:14:14.565171+00:00,RELEVANT,"uncertain: deal keyword matched, no FMCG keyword (possible off-sector deal, or FMCG company not on keyword list)",unknown,3,MEDIUM,Acquisition,Not specified,Not specified,Not specified,"Cygnet.One acquires majority stake in TechPoint Business Solution, strengthening SAP practice",deterministic_fallback
Sigma Healthcare backs out of $14bn Boots UK bid - Inside FMCG,https://news.google.com/rss/articles/CBMijwFBVV95cUxOdmJ3OTc4Z05YbFNTLVhEOVN2Y1JOdlBZUTlESzk4RnVLenI1RkZfZ1ZYRnhYZmZ6Z3NZamprS2pGaHZnOUtNc0I5c3hKaGlCODB0enFPVE5ZVXg4OFFVcXNjTGNsQkx5eV9lUXlIQVJVZTlZc1J5TjNxV1hMUGtRUmVGQUFKQXFZYS01UkJPTQ?oc=5,"Mon, 15 Jun 2026 01:57:40 GMT",Sigma Healthcare backs out of $14bn Boots UK bid    Inside FMCG,fmcg_acquisition,2026-06-20T05:14:14.563462+00:00,RELEVANT,"uncertain: FMCG keyword matched, no deal keyword (possible sector commentary, or unusually worded deal)",unknown,2,MEDIUM,Other,$14bn,Not specified,Not specified,Sigma Healthcare backs out of $14bn Boots UK bid,deterministic_fallback
Polish Food Group Maspex Acquires 80% Stake in Ukrainian Beverage Producer Karpatski Mineralni Vody. - ubn.news,https://news.google.com/rss/articles/CBMitwFBVV95cUxQYWlBZUlpUlBRbXdtQmZRblBLQS1PcXNLeHF5cm1JcEpUTExLYkFnMG5OU2pXdFUzRGhXY0xXTkNudDh5Z2FiZWpFUGttX1N3c3BZSmdQeVhZZXhkVEdXSnJUcElIeWp4aDNRTHNNLXZUT2JMMkg3aTRNQ0xkWnctQVNXNV9BM1RsVWRudGNLc2NuNG5HOEYwOFgyNkgzWEROV2QxUS1YS1NXUlJyUFlLN3BSaWZOSW_SAb8BQVVfeXFMTzNuc3pNcTJQZURDY19KakxFN2txYjhDMDQ3dE8wc3hoQTdrLXBLS3RXbFV1V05PdjBKdnpYeV9ZckZ2T0NucnFTOEc0Q0FvLU5aSTFmREF1c2dscE93TjNDOTJxR3phMk54aWxqcllXM1pta0lnT1l4d1VURzRsZ2daMV9TbVpzVFBrZXNpcWh3b0x0NjdxT2pfMmZIVDhDVHdNc0lhb1dyYVl2Zi02STQ3MWhSR183bnhoX3pROWM?oc=5,"Mon, 15 Jun 2026 02:12:28 GMT",Polish Food Group Maspex Acquires 80% Stake in Ukrainian Beverage Producer Karpatski Mineralni Vody.    ubn.news,food_beverage_deals,2026-06-20T05:14:17.119547+00:00,RELEVANT,rule: deal keyword + FMCG keyword both matched,unknown,3,MEDIUM,Acquisition,Not specified,Not specified,Not specified,Polish Food Group Maspex Acquires 80% Stake in Ukrainian Beverage Producer Karpatski Mineralni Vody.,deterministic_fallback
Meesho stock slips 1% after Rs 202 crore Kirana Club acquisition - TradingView,https://news.google.com/rss/articles/CBMixAFBVV95cUxOcllqd3BHa2FULTNjODN1U05YMkFBYzloRHNFRGM0eDRhaXhTOUptS2VPUVNKNm84SUZMNlNZMFo0emtOREEyRy1EeDBEZTZ2MTZnM1RBQ2FYX0xTbFJHWTZqX1I1Q0JfZmExdHFjLURuY0F3X0xiQll2bUVTZVVnMnVzcFpwckVpR3VrNnlLN2Z1X3VuMGhWcjZaMDBCQmNXd0FvZGhSeXlUMnp2SURjQ0NWRDNWMXNCczQ5c1ppTHRrRXhf?oc=5,"Mon, 15 Jun 2026 06:41:00 GMT",Meesho stock slips 1% after Rs 202 crore Kirana Club acquisition    TradingView,fmcg_acquisition,2026-06-20T05:14:14.564566+00:00,RELEVANT,rule: deal keyword + FMCG keyword both matched,unknown,3,MEDIUM,Acquisition,Rs 202 crore,Not specified,Not specified,Meesho stock slips 1% after Rs 202 crore Kirana Club acquisition,deterministic_fallback
"FMCG stock in focus as promoters purchase 4.50 lakh shares via open market, check details - India TV News",https://news.google.com/rss/articles/CBMizwFBVV95cUxPTkEweTZZek1RVTk4dFo1aDdkVDdJaU5BZlJrQV8yS0ZRUzI0YzRnSzZPSlJOYWxqcFJaVGdMVmpSTHpmanpSYldLdVBjZ2JVOVFQUWU2TTdSaTJfRzROWmlhQXhyc3VqSHI2b180azY5ZUtLSUJtZzVKalBGV1A5TG92VC1GRXQyYmUyRXpLQ1A2aS03SFQzZVVhYl9GaldEc3R4a2xKTDhGdF9XX0JfMVZ3cHF4NFoxSndpYzNOS1A3cWVlbWhrTzBiWnpadVXSAdQBQVVfeXFMTWVYUmpZRjQ2aU5IeGxEWVA5LVdhVTdaV0NuOFc5dGZUcVJRd2JsOTlmWjBIYmQzdnJDeGNmaXlDUnNyZDM4MWFoX2x0b1JaSXBDRmdoUVBFcmlRN2ktLWNyLWxWbjJGck9DdmFFanc0RlRnbkVBMTRDT0w1MVFILUswZTJCSmxEM0pzYnNPZzhRYzhHZ0dmZkpHeGV0WmZITFl3WHB6cm5OQ3lGWXEyOXo1XzN2UjRFVURKX1FyX2lPVXNSVVpUQjBjbDJCbGtKSmhZODM?oc=5,"Mon, 15 Jun 2026 09:55:01 GMT","FMCG stock in focus as promoters purchase 4.50 lakh shares via open market, check details    India TV News",fmcg_acquisition,2026-06-20T05:14:14.566761+00:00,RELEVANT,rule: deal keyword + FMCG keyword both matched,unknown,2,MEDIUM,Acquisition,Not specified,Not specified,Not specified,"FMCG stock in focus as promoters purchase 4.50 lakh shares via open market, check details",deterministic_fallback
Exclusive | New Fund Backed by LVMH and Top Pro Athletes Invests in Activewear Brand - WSJ,https://news.google.com/rss/articles/CBMitwFBVV95cUxPS3VNeGxWUmVGSkdLa1BkdklMWmJ1a1YtclI2SjZibk9pYVBiZ1F6ejBpQThld2V6VHJscFFvVjdiYUdlWFR0bzVjdmk1LWowYkRCQjJzSWZqNmRwOV9saUZHTlRTTGlydTlRNGNSUnlTVGJSTHRQLVk3X2tsVG9oNVVuMk5ZbkNSRlA3WG5SYW5aU3dLdWd2M0VMc1R3Tlpncy1sV012LXFWTFdCV1ZQdlR4TDl1b1E?oc=5,"Mon, 15 Jun 2026 11:00:00 GMT",Exclusive | New Fund Backed by LVMH and Top Pro Athletes Invests in Activewear Brand    WSJ,consumer_investment,2026-06-20T05:14:19.219060+00:00,RELEVANT,"uncertain: deal keyword matched, no FMCG keyword (possible off-sector deal, or FMCG company not on keyword list)",unknown,2,MEDIUM,Investment,Not specified,Not specified,Not specified,Exclusive | New Fund Backed by LVMH and Top Pro Athletes Invests in Activewear Brand,deterministic_fallback
FlavorSum acquires Beverage Flavors International - Food In Canada,https://news.google.com/rss/articles/CBMiogFBVV95cUxOUUdBQTdLbWlpa0dDYXRMaHBmMnF2VVdLd3VaS0dnaVVHcFNFcGN4d2NBSW9mSGtzbk1wMGo1ZGtLNVpIdmRQOXBSYms0OW9aRWJ3QVZEaTFlQ0xBd0dZTU5JVTRodUk3WTB0bVlTUVFxdm4wbUNPWkNDWEJncS0wMzFMTUVvajNBam9YTzFvVkpCMkw1YW4yZW0zU0VMcFJsYVE?oc=5,"Mon, 15 Jun 2026 13:12:55 GMT",FlavorSum acquires Beverage Flavors International    Food In Canada,food_beverage_deals,2026-06-20T05:14:17.119547+00:00,RELEVANT,rule: deal keyword + FMCG keyword both matched,unknown,2,MEDIUM,Acquisition,Not specified,Not specified,Not specified,FlavorSum acquires Beverage Flavors International,deterministic_fallback
Fresho acquires UK software provider - Food & Drink Business,https://news.google.com/rss/articles/CBMiiAFBVV95cUxON19Wakh4MUdxVkFGVTlkYS00WG1RNnRJR0Rvb1ZjMWI5cmZFdjk1NEI3d2t2bGZaUHVSbnRKZERNVmtEZWZhS2tIaTlHeV9qaGdmREhrOF9vSHNxQktoR25PUElveHZiQkNhQTRqOVUyeFBwaXBzLW9FNG9LZGtlNVY0WGtuRXVo?oc=5,"Mon, 15 Jun 2026 21:40:09 GMT",Fresho acquires UK software provider    Food & Drink Business,food_beverage_deals,2026-06-20T05:14:17.122561+00:00,RELEVANT,rule: deal keyword + FMCG keyword both matched,unknown,2,MEDIUM,Acquisition,Not specified,Not specified,Not specified,Fresho acquires UK software provider,deterministic_fallback
Kingsmill owner cleared to create UK’s biggest bread brand with Hovis takeover - The Guardian,https://news.google.com/rss/articles/CBMimwFBVV95cUxNSlNTa212cUNHOXYxcGEwTkt5TmsxWWtJMUFGdEd6Q3NIcXAyQVlGXzc4bGJtaG1BejQ5d1U5RkZiUFN1NnJsRGhwd1ZDQTJHUmtMWjlJejdFRVJ2Ti1iWVFlYVl2X3BaanBkYm92UGdVaXlPYUt4NEQ1S3NjOERmSTNKNTB0a3dFX0ZsN2FfYmktLUJmZndaVENKbw?oc=5,"Tue, 16 Jun 2026 08:34:00 GMT",Kingsmill owner cleared to create UK’s biggest bread brand with Hovis takeover    The Guardian,food_beverage_deals,2026-06-20T05:14:17.122561+00:00,RELEVANT,"uncertain: deal keyword matched, no FMCG keyword (possible off-sector deal, or FMCG company not on keyword list)",unknown,2,MEDIUM,Acquisition,Not specified,Not specified,Not specified,Kingsmill owner cleared to create UK’s biggest bread brand with Hovis takeover,deterministic_fallback
CMA clears AB Foods’ acquisition of Hovis - Sharecast.com,https://news.google.com/rss/articles/CBMirgFBVV95cUxPal9wbHBBNFZBTi1lRlBRSU1aVUQ5UGdYZzhsZXR2aE1LQnRiTVFfMUJxalRlUXNtMnUwMExENXc1Tm1pV08yVzVEODJMNGFLVjZnUXVNNEI4M1hwYnd4Q2ZGbmZTUUVERi1NX3k0b3dUUXlYREFSSUhLelVpZTdQSTcxNXcxeUgwekNseVhJVlRLYlBvZEFmWGpfWnJaZFlYdjNTb05JR2ZSa294SHc?oc=5,"Tue, 16 Jun 2026 10:53:51 GMT",CMA clears AB Foods’ acquisition of Hovis    Sharecast.com,food_beverage_deals,2026-06-20T05:14:17.119032+00:00,RELEVANT,rule: deal keyword + FMCG keyword both matched,unknown,3,MEDIUM,Acquisition,Not specified,Not specified,Not specified,CMA clears AB Foods’ acquisition of Hovis,deterministic_fallback
Eileen Secures Strategic Investment from DisPact Ventures to Scale Retail Execution Platform - StreetInsider,https://news.google.com/rss/articles/CBMi4AFBVV95cUxQVW9GNzNRQzkxUVVpNm5TR1BTbU16RXFNTndDcjBCN2tEVXp5VFNLTTBKSkE1eUFHQ3NFM0dFdWxzaHdOUkQyWWp3V2U0cjlHZ0FmLWJSbjBvZHBwcnZTRWRjS3kzN0VneENydXBEQURBRUZkZllOLTNUM3p5SDJRMDJtTlIyMm5XcXNERWFaMHhzTUtMS25WbnRWV0UwRkg0Y2E1YjVOaUhObHJSb0ZzMDBGVGFDTVZ1ZGQtMGZvVndPM0tVdXlXc2J5N19qTFB5TzdiSjRaT2FoZHFGWTZ2Wg?oc=5,"Tue, 16 Jun 2026 12:49:24 GMT",Eileen Secures Strategic Investment from DisPact Ventures to Scale Retail Execution Platform    StreetInsider,consumer_investment,2026-06-20T05:14:19.217064+00:00,RELEVANT,"uncertain: deal keyword matched, no FMCG keyword (possible off-sector deal, or FMCG company not on keyword list)",unknown,3,MEDIUM,Investment,Not specified,Not specified,Not specified,Eileen Secures Strategic Investment from DisPact Ventures to Scale Retail Execution Platform,deterministic_fallback
"As companies' investment and consumer sentiment improved, the turnover rate of checking deposits use.. - 매일경제",https://news.google.com/rss/articles/CBMiUkFVX3lxTFBsbWo4aGkwQWtnRERmc2YwaVhteWtINUowM1M2c0lPRGRCYjZZa05WZ3F3X0ZtQTBXbGlOYUZfSjl5T0VBSTZGSm5vcWg0ejVGZlE?oc=5,"Wed, 17 Jun 2026 01:17:04 GMT","As companies' investment and consumer sentiment improved, the turnover rate of checking deposits use..    매일경제",consumer_investment,2026-06-20T05:14:19.218061+00:00,RELEVANT,"uncertain: deal keyword matched, no FMCG keyword (possible off-sector deal, or FMCG company not on keyword list)",unknown,3,MEDIUM,Investment,Not specified,Not specified,Not specified,"As companies' investment and consumer sentiment improved, the turnover rate of checking deposits use..",deterministic_fallback
Shanthala FMCG confirms no share encumbrance in FY26 - scanx.trade,https://news.google.com/rss/articles/CBMirgFBVV95cUxQVXJtRUVPejFteVg2Vzk3NFpYUkI4b1M1UU5sUDUyb0FXMzBKdmFMWWdJWFhoMjF5Nl9PRlI5OGVMRGU0S2h3cUF3VkhHM2FhLUE1dGtmVTVFdUNfNnFYTEhKTzE2Ym0wZkpjTVM0Z0F6LTQ4b0ltZ3FSYkRHaFJac2p0M0xZRzNWUXhjTlk2UFFNWktUbG1HcXFWU1NUYkhjYmNLXzFUa19NLXNTTkE?oc=5,"Wed, 17 Jun 2026 03:41:03 GMT",Shanthala FMCG confirms no share encumbrance in FY26    scanx.trade,fmcg_acquisition,2026-06-20T05:14:14.563462+00:00,RELEVANT,"uncertain: FMCG keyword matched, no deal keyword (possible sector commentary, or unusually worded deal)",unknown,2,MEDIUM,Other,Not specified,Not specified,Not specified,Shanthala FMCG confirms no share encumbrance in FY26,deterministic_fallback
"Kraft Foods | History, Products, Facts, & Merger | Britannica Money - Britannica",https://news.google.com/rss/articles/CBMiXEFVX3lxTE5mV3V1YzJaZHZrTE9UdFNmUFhGUkJ2U1lQTFozNURxNVJpOU4yb2ZwdGlmWEhROHB0MDZ5MWtUN21nZnRJd2xtcXVOc25EcUJsaHUtREJTV1d5bENu?oc=5,"Wed, 17 Jun 2026 07:00:00 GMT","Kraft Foods | History, Products, Facts, & Merger | Britannica Money    Britannica",food_beverage_deals,2026-06-20T05:14:17.121560+00:00,RELEVANT,rule: deal keyword + FMCG keyword both matched,unknown,3,MEDIUM,Merger,Not specified,Not specified,Not specified,"Kraft Foods | History, Products, Facts, & Merger | Britannica Money",deterministic_fallback
Signet Bank finances the growth of Latvian private equity firm Global Champs through the acquisition of a mushroom farming company in Lithuania - The Baltic Times,https://news.google.com/rss/articles/CBMiggJBVV95cUxNcThDcjZZQVpNMWt6S293ZFg3Tmg4U1FRdk04NmRqNC01N0RNeFVTS2dKbHA0c0tNVXRmQ3V2UHM4R2k3RXZOYmRMUndlblR0V2xEdVJLNUh2eE1zY2NOTHRmN0gtUnlMRlhDRDdGQkhqam0tUWdqNVk2SmpLcHBXQzRDRjR5T1BiU2dDXzZIZVhqcnRqQ1pNZWdnOVc1eklBckJUSnlCUzdpcVJaOTRZbEViX1pIdk5pNUtNRHpfQ0hvYjlla3RMMlE2bjlMd08yOGE4ZjVMSWRMNkcwVlhZWkdjUFpBNUxDSzVPNEFHVWdmdTBzb2RSeWdhZW5KdkhabXc?oc=5,"Wed, 17 Jun 2026 15:40:17 GMT",Signet Bank finances the growth of Latvian private equity firm Global Champs through the acquisition of a mushroom farming company in Lithuania    The Baltic Times,fmcg_acquisition,2026-06-20T05:14:14.565753+00:00,RELEVANT,"uncertain: deal keyword matched, no FMCG keyword (possible off-sector deal, or FMCG company not on keyword list)",unknown,3,MEDIUM,PE,Not specified,Not specified,Not specified,Signet Bank finances the growth of Latvian private equity firm Global Champs through the acquisition of a mushroom farming company in Lithuania,deterministic_fallback
Why The LaLiT parent Bharat Hotels will focus on consolidation before reviving IPO plans,https://www.livemint.com/companies/news/bharat-hotels-lalit-hotels-deeksha-suri-hospitality-industry-hotel-expansion-management-contracts-11781752863961.html,"Thu, 18 Jun 2026 13:48:44 +0530","Bharat Hotels plans to grow through management contracts and joint developments rather than asset acquisitions, while keeping its IPO ambitions alive for the next 2-3 years.",livemint,2026-06-20T05:14:23.105809+00:00,RELEVANT,"uncertain: deal keyword matched, no FMCG keyword (possible off-sector deal, or FMCG company not on keyword list)",livemint,3,MEDIUM,Acquisition,Not specified,Not specified,Not specified,Why The LaLiT parent Bharat Hotels will focus on consolidation before reviving IPO plans,deterministic_fallback
L’Oréal acquires majority stake in Innovist as global giants double down on India,https://www.livemint.com/news/loral-acquires-majority-stake-in-innovist-as-global-giants-double-down-on-india-11781767616115.html,"Thu, 18 Jun 2026 14:37:31 +0530","Under the agreement, Innovist’s founders Rohit Chawla, Sifat Khurana and Vimal Bhola will retain minority stakes and continue to run the business alongside L’Oréal India",livemint,2026-06-20T05:14:23.105809+00:00,RELEVANT,"uncertain: deal keyword matched, no FMCG keyword (possible off-sector deal, or FMCG company not on keyword list)",livemint,4,HIGH,Acquisition,Not specified,Not specified,Not specified,L’Oréal acquires majority stake in Innovist as global giants double down on India,deterministic_fallback
IFC plans $371 million investment in data centre operator Sify Infinit Spaces,https://www.livemint.com/companies/news/ifc-plans-371-million-investment-in-data-center-operator-sify-infinit-spaces-11781785695839.html,"Thu, 18 Jun 2026 18:39:30 +0530","Earlier this year, Sify Infinit Spaces, the data centre arm of Sify Technologies, received the regulator’s nod to raise about  ₹3,700 crore through an initial public offering (IPO). However, the IPO has been delayed due to market volatility.",livemint,2026-06-20T05:14:23.104814+00:00,RELEVANT,"uncertain: deal keyword matched, no FMCG keyword (possible off-sector deal, or FMCG company not on keyword list)",livemint,4,HIGH,Investment,$371 million,Not specified,Not specified,IFC plans $371 million investment in data centre operator Sify Infinit Spaces,deterministic_fallback
Emirates NBD sees India as key growth market after RBL deal closure,https://www.livemint.com/companies/news/emirates-nbd-rbl-bank-deal-banking-sector-india-dubai-financial-market-11781788156893.html,"Thu, 18 Jun 2026 20:37:29 +0530","Shayne Nelson, Emirates NBD group chief executive said the investment in RBL Bank was a deepening of a long-term commitment to India",livemint,2026-06-20T05:14:23.104814+00:00,RELEVANT,"uncertain: deal keyword matched, no FMCG keyword (possible off-sector deal, or FMCG company not on keyword list)",livemint,3,MEDIUM,Investment,Not specified,Not specified,Not specified,Emirates NBD sees India as key growth market after RBL deal closure,deterministic_fallback
Beauty becomes the crown jewel of D2C deals as FMCG giants chase premium growth - BusinessLine,https://news.google.com/rss/articles/CBMi5gFBVV95cUxOeDlSaTNBbU9YZFA4cF9uT2hWcEFNd29QVFBSV0V5eC1hR28xa2hVaHU2NUdNS0RMWFlzbTg3YXZ5cUs5SDlIOUxOaFZhOGNzUGN1SlRvaVJKRHFjcnpKMGhzVmFOc0pvcV9CTkFYbWx1SVJMaXVaVS1HMl80dktzZDJqWFU2MkJraTdhX2hIb1dmaUVXQk5vbTF4em1ob1FYTFJXZ2N6VkpJSERfNWtNd0Z0Ui1zLXFkZnZ5am13enFWODRfYm1DYWJYNnJNRXdKQlpGSEJfNVNyWjR0RUVfcUxxeVhOd9IB5gFBVV95cUxOeDlSaTNBbU9YZFA4cF9uT2hWcEFNd29QVFBSV0V5eC1hR28xa2hVaHU2NUdNS0RMWFlzbTg3YXZ5cUs5SDlIOUxOaFZhOGNzUGN1SlRvaVJKRHFjcnpKMGhzVmFOc0pvcV9CTkFYbWx1SVJMaXVaVS1HMl80dktzZDJqWFU2MkJraTdhX2hIb1dmaUVXQk5vbTF4em1ob1FYTFJXZ2N6VkpJSERfNWtNd0Z0Ui1zLXFkZnZ5am13enFWODRfYm1DYWJYNnJNRXdKQlpGSEJfNVNyWjR0RUVfcUxxeVhOdw?oc=5,"Thu, 18 Jun 2026 16:16:57 GMT",Beauty becomes the crown jewel of D2C deals as FMCG giants chase premium growth    BusinessLine,fmcg_acquisition,2026-06-20T05:14:14.562862+00:00,RELEVANT,"uncertain: FMCG keyword matched, no deal keyword (possible sector commentary, or unusually worded deal)",business line,3,MEDIUM,Other,Not specified,Not specified,Not specified,Beauty becomes the crown jewel of D2C deals as FMCG giants chase premium growth,deterministic_fallback
FMCG Giants' Shopping Spree: Why Beauty Brands Are Winning - Whalesbook,https://news.google.com/rss/articles/CBMi1gFBVV95cUxNdVFKMl9jQkVSbHNscFVnVlNXVXdDOVA2UzdoOExUVmM2dmJ3YXlzUklSN1hmbERuOXF3ZGNEY1BYUl9qbVRnaGZZcUJxbHI4X2hHenYzWDdDQVJpTUxoR01yOHNJNlY3LS0xU3IxUF9RdnNZczFMR0lKTzJFaXdueXJwdG5FMU50TWlYeWdxTmZFQlB0R3NibXA3V0ZOTHVnVnBrcmx2N1l6YUF1RWwtdEJ6dEFtZE9CNXpEY1BIUTZyb0tqNEp4U0xwQnMxOWRHdkNQdzd3?oc=5,"Thu, 18 Jun 2026 16:38:38 GMT",FMCG Giants' Shopping Spree: Why Beauty Brands Are Winning    Whalesbook,fmcg_acquisition,2026-06-20T05:14:14.565753+00:00,RELEVANT,"uncertain: FMCG keyword matched, no deal keyword (possible sector commentary, or unusually worded deal)",unknown,2,MEDIUM,Other,Not specified,Not specified,Not specified,FMCG Giants' Shopping Spree: Why Beauty Brands Are Winning,deterministic_fallback
Blue Sapphire promoter taps 360 ONE for private credit to buy out PE investors in AIMS,https://www.livemint.com/companies/news/aims-promoter-raises-rs-415-crore-private-credit-buyback-orbimed-bii-stake-11781761485572.html,"Fri, 19 Jun 2026 06:00:26 +0530",360 ONE-backed funding of  ₹415 crore helped Pandey family consolidate full ownership of Delhi-NCR hospital chain amid rising promoter-led buyouts in private credit market.,livemint,2026-06-20T05:14:23.103768+00:00,RELEVANT,"uncertain: deal keyword matched, no FMCG keyword (possible off-sector deal, or FMCG company not on keyword list)",livemint,3,MEDIUM,Acquisition,₹415 crore,Not specified,Not specified,Blue Sapphire promoter taps 360 ONE for private credit to buy out PE investors in AIMS,deterministic_fallback
FMCG giants focus on beauty brands in D2C acquisitions - Indiatimes,https://news.google.com/rss/articles/CBMiygFBVV95cUxNMzZSR19PZGR4bTZINmpBLUxrWWdyeVB0eXJ1aG5QdXVuVU56NmxoV0h5ZVdCTzlEN0xHZ3J3MFNLRXdZSDVqZ3A4WU5xb1ZFejN1bDF5NFRPRGFkc0ZWZ090VDZEQmlnYV9xaGE2bVBYeEdZeWhOUHU4QXh4QjdIWnRQWHpmM0w0dEJnTU9pa1BRTzlZMUdUbXpWOFd6VXNlQ3RyLXVfR0VyeWZ1MTExUEZ3WVJyR3Y5dHZoWThTZDZxMllLeG1uLU9B?oc=5,"Fri, 19 Jun 2026 06:03:02 GMT",FMCG giants focus on beauty brands in D2C acquisitions    Indiatimes,fmcg_acquisition,2026-06-20T05:14:14.562862+00:00,RELEVANT,rule: deal keyword + FMCG keyword both matched,unknown,3,MEDIUM,Acquisition,Not specified,Not specified,Not specified,FMCG giants focus on beauty brands in D2C acquisitions,deterministic_fallback
Xtovia Raises ₹6.9 Crore Pre-Seed Round to Build a Global Science-Led Haircare Brand from India - D2c Insider Pulse,https://news.google.com/rss/articles/CBMizAFBVV95cUxNYVhFSzZQSWZrVnNuTHY3NGZaS096UnJHQ2tOMlZaX05sVWFZbUIwNWVPYTQ3SlhSVG1VUjZxcDN6cksxUkVyZkdlaEx0XzhPV0VLUkdHcjRvNVA5aTdUS0xpLTZoQ0Q5RkJXTnBqdnhtRFBwOXNVVFluaktPbEhkVEV0RmZWQkc1ZzU3VHZyUDhRNmYtbjduNDExbFFYbXhvUGRhOG1lYmhKWHZCWkhBaTlnTzZwaEkzNVNDTUEzZWt1T212S2xoT2RtLWs?oc=5,"Fri, 19 Jun 2026 06:06:59 GMT",Xtovia Raises ₹6.9 Crore Pre-Seed Round to Build a Global Science-Led Haircare Brand from India    D2c Insider Pulse,consumer_investment,2026-06-20T05:14:19.219060+00:00,RELEVANT,rule: deal keyword + FMCG keyword both matched,unknown,2,MEDIUM,Funding,₹6.9 Crore,Not specified,Not specified,Xtovia Raises ₹6.9 Crore Pre-Seed Round to Build a Global Science-Led Haircare Brand from India,deterministic_fallback
"RIL AGM 2026: Isha Ambani announces Rs 30,000 crore investment in AI-powered food parks - Storyboard18",https://news.google.com/rss/articles/CBMi1AFBVV95cUxPTW5XdGVWQ3NVSm9vQThiZDRlRjZncnV6bTRubXU5ME5uNHl6akhMeUdaSGhrV002VXZRQzdkVWdWUVR6M1lzeE8zNU1WbEQ1S3FvTXhvNU5kZ1R2b19ONHV4SHpWRUp4Vnd0MkxKbDBVVEZyRmVZMU9Pb20ycmgxTG5jOHUyV2swVURtem02Qm1KVFMtVno3d0tTME51a2pqaXFvdnRsY2JGNGp5WC1qbUNSTFpLazR1Y2txT0tiSGVpa2x1aTRvVFRVV096MGtCQ05hNNIB2gFBVV95cUxNcG8xSFJXY0lRN0lrM0tqYzFOa1V6WFVjQlB4OUlXMzhBWGFGNTRuM2dVUHczMVk3cEY2bF91ckctdkJXbHU1a1lBWGlHazZxTmJfM0hheTlQNkFvU1NoaWFBaWpTY3MzRUJqR01MaVRmZTFWSVFmazFidnRqYzRLVG5aTkU3ZHRDODR2ZHNVVXZVZS1zTV91QkFMOVZ4ZEh2M0k5Um9vVFVlXzJEQml1WDV2SnlUTndUSVcyX0dXU09oMHlWdnJIeUYtY0NnbTlDSHNHUTZUTEhadw?oc=5,"Fri, 19 Jun 2026 10:04:36 GMT","RIL AGM 2026: Isha Ambani announces Rs 30,000 crore investment in AI-powered food parks    Storyboard18",consumer_investment,2026-06-20T05:14:19.216069+00:00,RELEVANT,rule: deal keyword + FMCG keyword both matched,unknown,3,MEDIUM,Investment,"Rs 30,000 crore",Not specified,Not specified,"RIL AGM 2026: Isha Ambani announces Rs 30,000 crore investment in AI-powered food parks",deterministic_fallback
Döhler’s Nukoko acquisition accelerates cocoa‑free chocolate - Food and Drink Technology,https://news.google.com/rss/articles/CBMirwFBVV95cUxOdmkwZDBIdm9hUDRIMm9Hb3A4S1Z6V1hWTi1ldFBjSDB2NFJPSk4wZE5sdFM5ekVxRkxaNU94WGFYMlItSHlMSEp4Z1JWaWNkTDR5dG82Q0J3b253bVp0QW80bG40SHlQSHl3bndZVzExUUwzcU9FeEoyU2VTZjdMclNwdGktQWk5VkFaMFIzRkQtOUExS0dPcTN3T2JWRlBYTlRzOVZ1RzA5b3RnVDBF?oc=5,"Fri, 19 Jun 2026 10:46:30 GMT",Döhler’s Nukoko acquisition accelerates cocoa‑free chocolate    Food and Drink Technology,food_beverage_deals,2026-06-20T05:14:17.122561+00:00,RELEVANT,rule: deal keyword + FMCG keyword both matched,unknown,2,MEDIUM,Acquisition,Not specified,Not specified,Not specified,Döhler’s Nukoko acquisition accelerates cocoa‑free chocolate,deterministic_fallback
Reliance Consumer Targets Rs 1 Lakh Cr Revenue by 2030 - Whalesbook,https://news.google.com/rss/articles/CBMi0wFBVV95cUxPSmpfZjI4NjN1emlHWnF6SFRPVFM3aHotYkMtNUZsOUxwZVFqenhqYkVqODZNUDl5b25CaXphQXU0a3BkTktXTE9uU2djU2IwMnVSeFprYXpEb1dPM2pHUi1nc3NKUE9wWUtubWNveGFHaUV5aDZycVpJd1NreWFJeEVQSm90VEd2QjZDb19Bb2ZhQXdNWTBVUG5ldnJTN09yUzc2MFY1eEpZQS1Pc2J2a3NIZ3BjT21NVU5LejgzN0xIUUp2bFBWVnpVRVdvMWV1bDVr?oc=5,"Fri, 19 Jun 2026 10:56:33 GMT",Reliance Consumer Targets Rs 1 Lakh Cr Revenue by 2030    Whalesbook,consumer_investment,2026-06-20T05:14:19.219060+00:00,RELEVANT,"uncertain: FMCG keyword matched, no deal keyword (possible sector commentary, or unusually worded deal)",unknown,2,MEDIUM,Other,Rs 1 Lakh,Not specified,Not specified,Reliance Consumer Targets Rs 1 Lakh Cr Revenue by 2030,deterministic_fallback
"FMCG Stock Under Rs 100 Gains After Promoter Acquires 99,546 Shares | Do You Own? - Goodreturns",https://news.google.com/rss/articles/CBMiwAFBVV95cUxOMjRrTVNpS2pmNzNISmRBcFVXZVQ5YmY3dDhyWWNIUjNRSUxiZk1MelI3LXNZZFMtemVUdThjNHZ1UmllV2MtdGhuR2lxZ2E0UHJqV2ZVdHlnUzhNQm9KTGZUQ0h1Mlh2ei1TSlItbnpuSG5kTXFZOUxmeEtDMHhkNWFMX1h2TWY3RmwxcHNHWTB2UUdZMkFUWW4zY2JUajhzOWE1ejhBTFNSejZLamxmNVZrdHgwWjRkeERhOW5MaGE?oc=5,"Fri, 19 Jun 2026 11:56:00 GMT","FMCG Stock Under Rs 100 Gains After Promoter Acquires 99,546 Shares | Do You Own?    Goodreturns",fmcg_acquisition,2026-06-20T05:14:14.564566+00:00,RELEVANT,rule: deal keyword + FMCG keyword both matched,unknown,3,MEDIUM,Acquisition,Rs 100,Not specified,Not specified,"FMCG Stock Under Rs 100 Gains After Promoter Acquires 99,546 Shares | Do You Own?",deterministic_fallback
"Silicon Valley, sovereign funds and Ambani sit tight on their Jio stake in potential  ₹35,000 crore offer",https://www.livemint.com/companies/news/silicon-valley-sovereign-funds-and-ambani-sit-tight-on-their-jio-stake-in-potential-35-000-crore-ipo-offer-11781872330334.html,"Fri, 19 Jun 2026 20:27:24 +0530","Jio Platforms has opted for a fully fresh issue, with existing shareholders including Meta, Google, sovereign wealth funds and private equity investors not selling stock in the proposed listing.",livemint,2026-06-20T05:14:23.102230+00:00,RELEVANT,"uncertain: deal keyword matched, no FMCG keyword (possible off-sector deal, or FMCG company not on keyword list)",livemint,3,MEDIUM,PE,"₹35,000 crore",Not specified,Not specified,"Silicon Valley, sovereign funds and Ambani sit tight on their Jio stake in potential  ₹35,000 crore offer",deterministic_fallback
"OpenAI wants to transform healthcare—and this Indian researcher, Karan Singhal, is at the helm",https://www.livemint.com/companies/people/openai-wants-to-transform-healthcare-and-this-indian-researcher-karan-singhal-is-at-the-helm-11781885145558.html,"Fri, 19 Jun 2026 22:05:22 +0530","OpenAI is investing heavily in healthcare as millions increasingly turn to ChatGPT for medical and wellness advice. Leading that effort is Karan Singhal, a former Google researcher who says the company's latest AI models are being designed to deliver better health guidance.",livemint,2026-06-20T05:14:23.102230+00:00,RELEVANT,"uncertain: FMCG keyword matched, no deal keyword (possible sector commentary, or unusually worded deal)",livemint,3,MEDIUM,Investment,Not specified,Not specified,Not specified,"OpenAI wants to transform healthcare—and this Indian researcher, Karan Singhal, is at the helm",deterministic_fallback
Tata Consumer targets 17% Ebitda margin in 3 years via overhaul of distribution model,https://www.livemint.com/companies/news/tata-consumer-products-ebitda-margin-distribution-overhaul-fmcg-quick-commerce-general-trade-11781851429170.html,"Sat, 20 Jun 2026 06:01:09 +0530","Tata Consumer Products is strategizing to improve margins, currently at 13.9%, by enhancing distribution channels and leveraging quick commerce growth. Recent acquisitions have boosted its entry into food services and pharmacy sectors.",livemint,2026-06-20T05:14:23.102230+00:00,RELEVANT,rule: deal keyword + FMCG keyword both matched,livemint,3,MEDIUM,Acquisition,Not specified,Not specified,Not specified,Tata Consumer targets 17% Ebitda margin in 3 years via overhaul of distribution model,deterministic_fallback
