title,url,published,summary,source_feed,ingested_at
Why FMCG giants buy D2C brands - BusinessLine,https://news.google.com/rss/articles/CBMisAFBVV95cUxOMTJya185bldmaVNQWkNldVdVdlVqd1hoYjZIdUlyaS1nR055dU5TRVY0TTVqRGZ3VU0wUVBhTXRWZDRIam1jTjVDOGV2bVZRLTR1cnMzMzl0M2NzWnd2TU5XR3ZEV1Nabi1SZ1BBSHljeTBzWlhMLVFBT0FuV1ZKOTQwanNoR1AtY2lGSTc2Z19XRDVreEx0VmxBNXFuQ2d6UFJNODVoZEE0a2JVWjUxd9IBtwFBVV95cUxOYWZ3LUR6ZVRnQ3ZKNGdLVDR5Y0I2ZVZLVTZDVU92Znp6aFNMeTZaaDZfWElhZXpEOE9tYlo1SEhTNFpIbzFVelBjOEdEa2xCbmpCXzlHV1JOUlVtTHRTRDA3cmFrNWxvQi1INmMxVHY3RmpreTdMSTJTRHpyOXVSWkVHTGR1dzBwMXZvc1hKbzZjeUdEcUM2bG9NMEZvVkpCLUluRGtyMDJjR2wtQXBMTUtWbUk5Yzg?oc=5,"Mon, 22 Jun 2026 01:06:00 GMT",Why FMCG giants buy D2C brands    BusinessLine,fmcg_acquisition,2026-06-22T02:57:26.857754+00:00
FMCG giants focus on beauty brands in D2C acquisitions - Indiatimes,https://news.google.com/rss/articles/CBMiygFBVV95cUxNMzZSR19PZGR4bTZINmpBLUxrWWdyeVB0eXJ1aG5QdXVuVU56NmxoV0h5ZVdCTzlEN0xHZ3J3MFNLRXdZSDVqZ3A4WU5xb1ZFejN1bDF5NFRPRGFkc0ZWZ090VDZEQmlnYV9xaGE2bVBYeEdZeWhOUHU4QXh4QjdIWnRQWHpmM0w0dEJnTU9pa1BRTzlZMUdUbXpWOFd6VXNlQ3RyLXVfR0VyeWZ1MTExUEZ3WVJyR3Y5dHZoWThTZDZxMllLeG1uLU9B?oc=5,"Fri, 19 Jun 2026 06:03:02 GMT",FMCG giants focus on beauty brands in D2C acquisitions    Indiatimes,fmcg_acquisition,2026-06-22T02:57:26.857754+00:00
Shanthala FMCG confirms no share encumbrance in FY26 - scanx.trade,https://news.google.com/rss/articles/CBMirgFBVV95cUxQVXJtRUVPejFteVg2Vzk3NFpYUkI4b1M1UU5sUDUyb0FXMzBKdmFMWWdJWFhoMjF5Nl9PRlI5OGVMRGU0S2h3cUF3VkhHM2FhLUE1dGtmVTVFdUNfNnFYTEhKTzE2Ym0wZkpjTVM0Z0F6LTQ4b0ltZ3FSYkRHaFJac2p0M0xZRzNWUXhjTlk2UFFNWktUbG1HcXFWU1NUYkhjYmNLXzFUa19NLXNTTkE?oc=5,"Wed, 17 Jun 2026 03:41:03 GMT",Shanthala FMCG confirms no share encumbrance in FY26    scanx.trade,fmcg_acquisition,2026-06-22T02:57:26.857754+00:00
Beauty boom to fuel more dealmaking as FMCG giants chase premium brands - Moneycontrol.com,https://news.google.com/rss/articles/CBMi1AFBVV95cUxPOGxIYjFIRE5pS2g3YzNiZXI4TlVnZ0FuMkRMalhucEhxRzZGQnpmRnFlWExCY3RyRlkxOXk0SG40SUxCUEY3OHRLOC1STmRVR0VWbE9qMFBCVTlLSHZSbnliVmhUUEtNZlFmaGx6TUpzajJfVnhhcXVWRklDaFc0TXhtOFQ5MDNUNTJvczNzMXJzU3lUQkpVenJBYV85N2dEN1ZEdXFDdFZ0REdwQ0hIX3IyREhfc3ZXSGdHN0padDVkazlVT0hLaXd3Tl9fVHdrbW1pMNIB2gFBVV95cUxPRXZaTkFyMlN5RkJYcDkxZzdJYTF0ZEwwbHRiU003Wkxra0lvalJRUkZMVXpYU1dKYlM0X2lZckhLajVSTDN0UU9tZEpmMndaOFFDN1FPY1JxbGtBRV9KZHAtVDgzTjRJWEw5RlRSWEpWVlgxVV9EY2ctRWx3T0t3VmMtWlpIMGZrM1luQjY0YUk5d3FzaldXdDVSX0xDNHFHTGgyRlhrTExwbHNmb3k5VGVENUdkT1JKLThYaEpZazkwY0E1LXlzOWNudFkwaWt6QXpPdE5qZW1YUQ?oc=5,"Tue, 09 Jun 2026 07:00:00 GMT",Beauty boom to fuel more dealmaking as FMCG giants chase premium brands    Moneycontrol.com,fmcg_acquisition,2026-06-22T02:57:26.857754+00:00
Beauty becomes the crown jewel of D2C deals as FMCG giants chase premium growth - BusinessLine,https://news.google.com/rss/articles/CBMi3wFBVV95cUxQdE1UcW1wdEVJd1YxYldtZ2FoUVExQWdBZkNqUkVRUHM0QjdldW94bTJSYXNrckczZlY2aEdmRUpjeHFNeklJYmdVcEhxMlVLWjNxdUxheTlQWU9VMmx3ZHFLUURvOXJWaXByZFFjaDdlZXBGV3N0TmFZc1Z1T2lXNHprRU05RFNqTEZ5TFRGb014V2VzTG1yZ25WUFV1VzFjZ1hMa1ludkZTb2p6TkdfU3FoVTZhWWFsaktqMlZERTdaRjJ2MWtrZEFxdjdsVlBBMmlKa0ZGQzc1WEh3em1R0gHmAUFVX3lxTE54OVJpM0FtT1hkUDhwX25PaFZwQU13b1BUUFJXRXl4LWFHbzFraFVodTY1R01LRExYWXNtODdhdnlxSzlIOUg5TE5oVmE4Y3NQY3VKVG9pUkpEcWNyekowaHNWYU5zSm9xX0JOQVhtbHVJUkxpdVpVLUcyXzR2S3NkMmpYVTYyQmtpN2FfaEhvV2ZpRVdCTm9tMXh6bWhvUVhMUldnY3pWSklIRF81a013RnRSLXMtcWRmdnlqbXd6cVY4NF9ibUNhYlg2ck1Fd0pCWkZIQl81U3JaNHRFRV9xTHF5WE53?oc=5,"Thu, 18 Jun 2026 16:16:57 GMT",Beauty becomes the crown jewel of D2C deals as FMCG giants chase premium growth    BusinessLine,fmcg_acquisition,2026-06-22T02:57:26.857754+00:00
Emami increases stake in IncNut Digital to 60% - bestmediainfo.com,https://news.google.com/rss/articles/CBMirwFBVV95cUxOM0pvWms0bFhvLTBzemV6dVJ0T2RDeExwekJsSVozck1qS042blBFY29NZ2tQdkxITGZ3ZlhvaFB0UUc4NFJwMWxXTWs1S0s0Vk1iX19CeWhvckNkRHgzaDhsd2lJNG9wU0luTHQ5OFdnWFlEd3NJMmhiUzNxMkZ6X05uM1hRckV6U1lhbDUxMXBlYW01RUMtRlNXbHJVbWhlTUQ5bkdfYlhMZU82ZS130gGvAUFVX3lxTE4zSm9aazRsWG8tMHN6ZXp1UnRPZEN4THB6QmxJWjNyTWpLTjZuUEVjb01na1B2TEhMZndmWG9oUHRRRzg0UnAxbFdNazVLSzRWTWJfX0J5aG9yQ2REeDNoOGx3aUk0b3BTSW5MdDk4V2dYWUR3c0kyaGJTM3EyRnpfTm4zWFFyRXpTWWFsNTExcGVhbTVFQy1GU1dsclVtaGVNRDluR19iWExlTzZlLXc?oc=5,"Fri, 12 Jun 2026 10:37:44 GMT",Emami increases stake in IncNut Digital to 60%    bestmediainfo.com,fmcg_acquisition,2026-06-22T02:57:26.857754+00:00
"Emami completes IncNut acquisition, deepening bet on the personalised beauty boom - Storyboard18",https://news.google.com/rss/articles/CBMi0AFBVV95cUxPYW1lMVQyY1R0M29qd2NDWklMWDVVN0RmZ0EzcG51N0trZnhVOVpPLWxLY3dNMWN5YW9FUGFieWNxZkZmQlp6WG4yZmJJZ2FEaTRWYzROLVVselc1VUxlNEh3alNCRVd0c1JvamhwNHVxb2JPc2lseWxxOFFKekNyUDhteUlhUXdBb3ZrTVRNb0Q3c3RwdE14d0hfNk8xMVI4QzZhWkJpTXBEMG9TOHE2OXJHeUVYTVVyQ01Hb2tXSndYdUk3MnpLLUdLak1EekRs0gHWAUFVX3lxTFAtOTNjQ0pxNWliOEFJbXNRM2RIQzd1aUY3M1ViWFdiS3RmNjJ6RlNkUm5scGdYZnBhNFJ6Y3NJdTQ4U0k3YjI2SE5qQzFGY05GWjdXVEpFMzdSdURBN0Fjcmh5MExZN1ZLQkZJM2ctcVNqaVhWaVl5NjBwbFliSmoydWZvdmlmZzVTZVdQNlh5SXhBcVhrbjRkNHlhdTdFanJYcjQ0eDZYQ2JHcU15N0NZMktQTHY3Zi02UFhuUEM0WDVvMHg2VGtIcVZiTGNhUGJqZGNQa1E?oc=5,"Tue, 02 Jun 2026 07:00:00 GMT","Emami completes IncNut acquisition, deepening bet on the personalised beauty boom    Storyboard18",fmcg_acquisition,2026-06-22T02:57:26.857754+00:00
"Quick commerce ad revenue to hit ₹4,900 crore as FMCG funnel collapses - ET BrandEquity",https://news.google.com/rss/articles/CBMiwgFBVV95cUxNUVd5dHQ4ZWY1UFl1dm1lb2RHRmU0dXI4dWozcVJqeWc0WWxvX2NXRFhjOTJVVE9Ub19FTmM3UG0ycnBLVzZjYTd0OW5nV0lQcEp1bUNDZU5WUFEzZlE0ZjNIdDJQRUVHX2RKWFo2ZHUyVFBjb0FPNjlJemlqZWs5TThjbmdHdlQwS05yMlhXRVpOdlYzX1B0ZXZxcm9jLTl5VUN4Y0E4YWhlUWloUktwaTMwSEV0ZVZMVjd1aHdXaFlKUQ?oc=5,"Sat, 06 Jun 2026 07:00:00 GMT","Quick commerce ad revenue to hit ₹4,900 crore as FMCG funnel collapses    ET BrandEquity",fmcg_acquisition,2026-06-22T02:57:26.857754+00:00
"Reliance targets multifold FMCG growth by 2030 through acquisitions, expansion - BusinessLine",https://news.google.com/rss/articles/CBMi3AFBVV95cUxPVDE2S1dWVFljcGlfb2NJbW5LSVJPNG1TR1ZIby1YUlRQZGh0WkowaXUzSWxGZjZ3LUFWR3FTcG1KaE1URERYaU1yaFhOeTJaYm9jTXNBTjd6Ykpqc0hmLXpRRlc4VDQ0ekNNWWt4SzJGQ2NBWF8tc1NqdEh0bGJVZlRMRms5TmllNWJmQnRaeHlVdVBQZXRmUmtUNHlEYVFPOFU0UWRQcXRYVmxMRWU2Qkw5N3lCcy05WjlGWVl1ZmxQUGpSZzk3SGRsQWlhSGVua3JIOVNFY0RlTlRM0gHjAUFVX3lxTE55M1hrVjFCRlkyeWpwUzlYT0lGM1p4eURfNk80RGxtVjJCb2ZSR181TTJZVGUtNG1RcHhoejcyODZzVjAxSWZCcElWNEJvWDBoV21GOVl5bzZ3aGxRcXY4aHRmUmF6T3c5WjFycWhqOFVvMWRBVjVkMkRUTDRJcXc1bmVTOGQ0MV9nRFQzMko4dlZTM2NGZ2RKX1JDMW15azZvUlJ6XzRYLURXbFpncTlFdXJhUGc4cngwUHFTYU9fWHF2LWhPZkVIcWZhM0hzV3E0Z0pPQWVIV2tCbFZ2eVhUSXlB?oc=5,"Thu, 28 May 2026 07:00:00 GMT","Reliance targets multifold FMCG growth by 2030 through acquisitions, expansion    BusinessLine",fmcg_acquisition,2026-06-22T02:57:26.857754+00:00
Sigma Healthcare backs out of $14bn Boots UK bid - Inside FMCG,https://news.google.com/rss/articles/CBMijwFBVV95cUxOdmJ3OTc4Z05YbFNTLVhEOVN2Y1JOdlBZUTlESzk4RnVLenI1RkZfZ1ZYRnhYZmZ6Z3NZamprS2pGaHZnOUtNc0I5c3hKaGlCODB0enFPVE5ZVXg4OFFVcXNjTGNsQkx5eV9lUXlIQVJVZTlZc1J5TjNxV1hMUGtRUmVGQUFKQXFZYS01UkJPTQ?oc=5,"Mon, 15 Jun 2026 01:57:40 GMT",Sigma Healthcare backs out of $14bn Boots UK bid    Inside FMCG,fmcg_acquisition,2026-06-22T02:57:26.857754+00:00
Emami completes acquisition of 59.69 per cent stake in IncNut Digital - Indian Television Dot Com,https://news.google.com/rss/articles/CBMipgFBVV95cUxPR1cteGlYS3YwaXliZnhIek9MSE9PRzhEOVo4R3dOR3JFeXFjZnRpYVZOY0l0Q19kdWI2N045bk5QV3ZmREtKaVpXR0JVeFNyWXVjd2FvM3I4WFdEal9JMlM2WGpaZFdLSHoxc0daQ2RwYmk4NmxZY01uY0RMZWpKRVQxTVM4UDNTQU5CYVdROHpuZUVwN0EyWXJmUUdwNVpoUmNLaHJ3?oc=5,"Tue, 02 Jun 2026 07:00:00 GMT",Emami completes acquisition of 59.69 per cent stake in IncNut Digital    Indian Television Dot Com,fmcg_acquisition,2026-06-22T02:57:26.857754+00:00
Meesho stock slips 1% after Rs 202 crore Kirana Club acquisition - TradingView,https://news.google.com/rss/articles/CBMixAFBVV95cUxOcllqd3BHa2FULTNjODN1U05YMkFBYzloRHNFRGM0eDRhaXhTOUptS2VPUVNKNm84SUZMNlNZMFo0emtOREEyRy1EeDBEZTZ2MTZnM1RBQ2FYX0xTbFJHWTZqX1I1Q0JfZmExdHFjLURuY0F3X0xiQll2bUVTZVVnMnVzcFpwckVpR3VrNnlLN2Z1X3VuMGhWcjZaMDBCQmNXd0FvZGhSeXlUMnp2SURjQ0NWRDNWMXNCczQ5c1ppTHRrRXhf?oc=5,"Mon, 15 Jun 2026 06:41:00 GMT",Meesho stock slips 1% after Rs 202 crore Kirana Club acquisition    TradingView,fmcg_acquisition,2026-06-22T02:57:26.857754+00:00
Meesho acquires Kirana Club in ₹202-crore deal to expand grocery presence - Business Standard,https://news.google.com/rss/articles/CBMi2AFBVV95cUxPbzNvdER2S1duVUpNdjZwdnpRbm10YlFXZS00UGUwQnZKUVVndzZJalZ6MXYxTnViVUI2MFVobFZ6OHMxVFVxbVZoek02cUl6TjVTWEVoRXR0X0pkRTVlR21SV3JOYmNlZDV2UkV2Vi1NQUJ2Z1JtcE9KTnliMGVfdE9YLVgyamZEQnpLZFMzWGxwVFdpbzVXdjBKV1Y5V2t4MGhXWDZXZWNPVXdNampKU05UWWczWTRhRHZDdmxRd0hSWGNMSTNGMGdRTUdMWHVkbVA2WnhwaWjSAd4BQVVfeXFMTnBYd3dZOF9WNDQwZ05pU3pscEE5WWNWcWhMcmJ0bWhLUGxMRnhNOGRPeUtNQWNyanQ1dDZuT3lKQ1k2YlM4RzhvZy0xU05zcnRNcDloUWh0OHhrYTFRM0ZJV3JVTVpDTXNIZmRtbllhSUktRGp6bUloZmJ3blZPNVVmN0QweENWU29BMm9zOGJwTEFBX2N4UU8zbGZwZkZOclhGNXVmVkU2RDZUYy0xczB1M1NlSlJiNUlEOWNqZ0lNQklua0tyZTF3c3laQ2FiM01HVHBEUjB6NThpRVdB?oc=5,"Fri, 12 Jun 2026 07:00:00 GMT",Meesho acquires Kirana Club in ₹202-crore deal to expand grocery presence    Business Standard,fmcg_acquisition,2026-06-22T02:57:26.857754+00:00
Meesho acquires B2B commerce platform Kirana Club for Rs 202 Cr - YourStory.com,https://news.google.com/rss/articles/CBMimAFBVV95cUxQeEctVGRFTW9WdzB1bl94VlJuR2RnZkM0MFZtYXlaOU5ZejFhbUpLNUVHbFkzbkg2Q2F4Y25TOW0wUGVldHp0VjhoUm5qUGJ4UVMwM3M1aGFYRXFzV3VnMHZEbmZtZ2xTa2t5OWJEZFliaWpFZTYwZnRTcGhZRkNOSWFsR0ttaUFrVnk5QnA2dEZGQzV5eUt3bA?oc=5,"Fri, 12 Jun 2026 07:00:00 GMT",Meesho acquires B2B commerce platform Kirana Club for Rs 202 Cr    YourStory.com,fmcg_acquisition,2026-06-22T02:57:26.857754+00:00
"FMCG Stock Under Rs 100 Gains After Promoter Acquires 99,546 Shares | Do You Own? - Goodreturns",https://news.google.com/rss/articles/CBMiwAFBVV95cUxOMjRrTVNpS2pmNzNISmRBcFVXZVQ5YmY3dDhyWWNIUjNRSUxiZk1MelI3LXNZZFMtemVUdThjNHZ1UmllV2MtdGhuR2lxZ2E0UHJqV2ZVdHlnUzhNQm9KTGZUQ0h1Mlh2ei1TSlItbnpuSG5kTXFZOUxmeEtDMHhkNWFMX1h2TWY3RmwxcHNHWTB2UUdZMkFUWW4zY2JUajhzOWE1ejhBTFNSejZLamxmNVZrdHgwWjRkeERhOW5MaGE?oc=5,"Fri, 19 Jun 2026 11:56:00 GMT","FMCG Stock Under Rs 100 Gains After Promoter Acquires 99,546 Shares | Do You Own?    Goodreturns",fmcg_acquisition,2026-06-22T02:57:26.857754+00:00
L’Oréal acquires majority stake in Innovist as global giants double down on India - Mint,https://news.google.com/rss/articles/CBMiyAFBVV95cUxONVA1bXB4N3RBNUFnbXd0bDhaTUZDamFnSFdXempqTk80MEpCb2VkOEoteGVENDZtS1JXNmdsRGhYMzYyMEVLUDRZRVJIeUx6QlV0VzNXZms1QlJVNDdLQnhybWFmeVdPc29tRUVMYURwQmJZWGt4bm1UVkVqQTdzRWd5VklaUE5fbTU2cEk0T08wSzdpNzdILTlYTlJiS2ZJM19DMm5IRXFvbVkwamtmMk4tMmtjNlhiV2xpcGhscEhnRFVqTUlBLdIBzgFBVV95cUxQNzZtVzFVSm1id3F0cXhlV3BuLUs3Tl9IYkxWWDhadHphU3JERzRzZVpHd2QwSWZhLXFMMjUySFR4TmVzUnNqRzFlaUN6NlVHdWJqc2ZfOUhxRXlxNmVBdDB5bHZqR3g3empNYkFydS1SUXJKQ1VkUWtqUWVJWU9oamhET3VkM05uYW9haWduYWsweXRTanAzM1NzTlY2Mld6Z19kNThnczdGaWxPb3VMUUNYbWFSR0YtT2NvWVlrcUZpcnlVRHUwbDBfMEZrZw?oc=5,"Thu, 18 Jun 2026 09:07:31 GMT",L’Oréal acquires majority stake in Innovist as global giants double down on India    Mint,fmcg_acquisition,2026-06-22T02:57:26.857754+00:00
Meesho acquires Kirana Club for Rs 202 crore - Indiatimes,https://news.google.com/rss/articles/CBMiugFBVV95cUxPUnZ2RnlpbFVGdmtMNE0tU1UtMGtKWFhsWlB2QjBHaHhoa25mQkx4S1lOa25TaGJrTS1KWHVkMDBHc01xS1N2Y2JiODlHcHN3aEctN3I0WDNqSElzeEdHclpMZzQ3OXBRbGFrVEY4ZGRfMXZMYVlLalVsQjFJd3plbGlJSVFaQUZVYS02SVBzUGZpbGthaU5OWk5PN0NSX3JRT3o5V0ZTSFRIZ2NEWmtWZjVjdE5YOUNUdkE?oc=5,"Sat, 13 Jun 2026 04:32:49 GMT",Meesho acquires Kirana Club for Rs 202 crore    Indiatimes,fmcg_acquisition,2026-06-22T02:57:26.857754+00:00
"Cygnet.One acquires majority stake in TechPoint Business Solution, strengthening SAP practice - CXOToday.com",https://news.google.com/rss/articles/CBMiyAFBVV95cUxNaWs0WTI3bGcyeU11V0lDZS0xLTE3ZHIwYVQzcC1OVXNGc2Ric3Z0blZsLTRFQzFNLVh3WXFwVmZJMFBfa3ZFTW1LOENZaExiWDZZa0RHMWh1cXZPYWNhUW41anNvWkNqeFE2Y1BQWWhhekxESzR3NWQwU3hJaEF4Z2phT3d0QUZ2NjZSdjlnblpaWUxybVdld2tHVnRLeU9RY1B6QWtXQXdzdktTRjYtdHhicXU3RHBPZ2I3OTFxd3BfRkhZRmVxeA?oc=5,"Fri, 12 Jun 2026 11:59:16 GMT","Cygnet.One acquires majority stake in TechPoint Business Solution, strengthening SAP practice    CXOToday.com",fmcg_acquisition,2026-06-22T02:57:26.857754+00:00
Žito Group Completes Acquisition of Zvijezda in Deal Worth Over €115 Million - connectingregion.com,https://news.google.com/rss/articles/CBMisAFBVV95cUxOS2NpZ2YyVmhPYV9LVi1LaEJzcHA5WFBnZWtKd2hPaXJLQkdFdnJCZnlodEc4aDBjdFZuaFZjUHhDRWRqOW5oWHFRWmJRV18tVGJwQU9JUy1sU0tFSHZDUGJEWnQ2elc5QmlUT2E0NmlBZW9Tc2EwdjZJa3JEVndwdkpxQ0VfWEdEWXZYLUp0Z3doUHF3SHMzNnhmdkNQRS05ZGlPeVYxa0RRT3NmN2FkTA?oc=5,"Fri, 19 Jun 2026 08:37:11 GMT",Žito Group Completes Acquisition of Zvijezda in Deal Worth Over €115 Million    connectingregion.com,fmcg_acquisition,2026-06-22T02:57:26.857754+00:00
Church & Dwight Acquires Messy Eater Brand - Consumer Goods Technology,https://news.google.com/rss/articles/CBMidEFVX3lxTE83czJVUEN4QnBiN1lsRHgtX0dta19rSFFHTDdMUEw1Ymw1OE9WN3JSbV9fMm1ZREdDRlhDeTR5di1Fb3ZIZXdjbEVNY1JoUFpiejRhU29uZFlxUjNySVJSTk9aNnN0b3p3Rm1rWDV4Q3ZQNzFM?oc=5,"Tue, 02 Jun 2026 07:00:00 GMT",Church & Dwight Acquires Messy Eater Brand    Consumer Goods Technology,fmcg_acquisition,2026-06-22T02:57:26.857754+00:00
Signet Bank finances the growth of Latvian private equity firm Global Champs through the acquisition of a mushroom farming company in Lithuania - The Baltic Times,https://news.google.com/rss/articles/CBMiggJBVV95cUxNcThDcjZZQVpNMWt6S293ZFg3Tmg4U1FRdk04NmRqNC01N0RNeFVTS2dKbHA0c0tNVXRmQ3V2UHM4R2k3RXZOYmRMUndlblR0V2xEdVJLNUh2eE1zY2NOTHRmN0gtUnlMRlhDRDdGQkhqam0tUWdqNVk2SmpLcHBXQzRDRjR5T1BiU2dDXzZIZVhqcnRqQ1pNZWdnOVc1eklBckJUSnlCUzdpcVJaOTRZbEViX1pIdk5pNUtNRHpfQ0hvYjlla3RMMlE2bjlMd08yOGE4ZjVMSWRMNkcwVlhZWkdjUFpBNUxDSzVPNEFHVWdmdTBzb2RSeWdhZW5KdkhabXc?oc=5,"Wed, 17 Jun 2026 15:40:17 GMT",Signet Bank finances the growth of Latvian private equity firm Global Champs through the acquisition of a mushroom farming company in Lithuania    The Baltic Times,fmcg_acquisition,2026-06-22T02:57:26.857754+00:00
"Invicium Expands 3PL Capabilities with Prepak Acquisition, Boosting Fulfilment Capacity for Growing Australian Businesses - Macau Business",https://news.google.com/rss/articles/CBMi4AFBVV95cUxPV0FoeWZGYjVyY29EOUtJSUF2Q050QUdaeEw0Q0ZaeEdpaUppcTNmOW5RcVRqSHJucmF5TUM1SENEVWRYZm96NDNnYWpIZmJaM05ZWU8za01oai02YkZ5SXFielZMbUl6cGFFbnlBVmExY0hBUzMzZXVoMzAzUEI5ZmdPc2MtSlQ2TnZObXg4MjAtMm1DdmJuMVIwTm5tRktfOU5HVHRCTXp4WHBBM0FNY1V3dzNmTHFLQVhLZlFEdzkzWG5xNE9BNkQ4bjRUVllDbERqWlEtU1dUTFZodVJEVQ?oc=5,"Tue, 02 Jun 2026 10:09:32 GMT","Invicium Expands 3PL Capabilities with Prepak Acquisition, Boosting Fulfilment Capacity for Growing Australian Businesses    Macau Business",fmcg_acquisition,2026-06-22T02:57:26.857754+00:00
Protein Works acquired by world leading dairy company Lactalis - TheBusinessDesk.com,https://news.google.com/rss/articles/CBMiuAFBVV95cUxNMkh3MVZjNE1EM2lnTUgtSkFlNzdHRlBzSVBFVy1DRWlSZU5PemYyUXB4MHJNdTFKWld3ZkV0Vjc4cGt3N0h1dllMcTdvMTNIbnpoZDFoLXpLb2UxS29rTVh1RWpibGM4d0Z2RU80X1hlWWF1TGNtbjFROElSREdmQXBBLTlSMGpGU2ZyNzhQbk9FS3hUSmhFRUJXMzJRWVdIdUZ0YndpWVM3bjZnbHFxNC1lZWRrZEdM?oc=5,"Mon, 01 Jun 2026 07:00:00 GMT",Protein Works acquired by world leading dairy company Lactalis    TheBusinessDesk.com,fmcg_acquisition,2026-06-22T02:57:26.857754+00:00
Maggie Beer moves to offload hampers unit for $10m - Food & Drink Business,https://news.google.com/rss/articles/CBMimgFBVV95cUxOM2NUd3ZRZWQzRm55WnVIRnhWYlBQYTBsclFxdGJyR1ZubUUySXZOUk1feFJpbS1BVlJjejJTQWdvS3NEUElvaFNwNWpiVElNNExkSVVsa2JtTGRLRmxsX2lzbVNVeW9RR3ZiQjE5RWlVVGJvakQ3NkJKZjNNLUhiZVZBYWJ5WE1fTnp2OU5veHVhXzQtVkM0dGdn?oc=5,"Tue, 09 Jun 2026 07:00:00 GMT",Maggie Beer moves to offload hampers unit for $10m    Food & Drink Business,fmcg_acquisition,2026-06-22T02:57:26.857754+00:00
"Malaya Heritage eyes Nasdaq listing in 2027, US$15m raise - The Malaysian Reserve",https://news.google.com/rss/articles/CBMioAFBVV95cUxPNGNyZUR1RnBIVTNNdFNmZFZIb1ZndEFoN0JKYlZIWS0yU0owLXJIcm1LNjlkM2RLVDB6Mm9hQjZyM05KWXlNQ05xdFRIdW9RSHZwd0I5amVnMGlYTnlhVFBwa19nWGlFeGtPVkYxb3FlU18zZnoyNmt1NHAxYlllZGhramlBSmdDbkF0di1uUkxHWV9PV1ZjbWVwN3NWLXVK?oc=5,"Fri, 29 May 2026 07:00:00 GMT","Malaya Heritage eyes Nasdaq listing in 2027, US$15m raise    The Malaysian Reserve",fmcg_acquisition,2026-06-22T02:57:26.857754+00:00
"FMCG stock in focus as promoters purchase 4.50 lakh shares via open market, check details - India TV News",https://news.google.com/rss/articles/CBMizwFBVV95cUxPTkEweTZZek1RVTk4dFo1aDdkVDdJaU5BZlJrQV8yS0ZRUzI0YzRnSzZPSlJOYWxqcFJaVGdMVmpSTHpmanpSYldLdVBjZ2JVOVFQUWU2TTdSaTJfRzROWmlhQXhyc3VqSHI2b180azY5ZUtLSUJtZzVKalBGV1A5TG92VC1GRXQyYmUyRXpLQ1A2aS03SFQzZVVhYl9GaldEc3R4a2xKTDhGdF9XX0JfMVZ3cHF4NFoxSndpYzNOS1A3cWVlbWhrTzBiWnpadVXSAdQBQVVfeXFMTWVYUmpZRjQ2aU5IeGxEWVA5LVdhVTdaV0NuOFc5dGZUcVJRd2JsOTlmWjBIYmQzdnJDeGNmaXlDUnNyZDM4MWFoX2x0b1JaSXBDRmdoUVBFcmlRN2ktLWNyLWxWbjJGck9DdmFFanc0RlRnbkVBMTRDT0w1MVFILUswZTJCSmxEM0pzYnNPZzhRYzhHZ0dmZkpHeGV0WmZITFl3WHB6cm5OQ3lGWXEyOXo1XzN2UjRFVURKX1FyX2lPVXNSVVpUQjBjbDJCbGtKSmhZODM?oc=5,"Mon, 15 Jun 2026 09:55:01 GMT","FMCG stock in focus as promoters purchase 4.50 lakh shares via open market, check details    India TV News",fmcg_acquisition,2026-06-22T02:57:26.857754+00:00
India ka Beauty Market: FMCG Giants ki D2C Brands par nazar! Kya investors ko hoga fayda? - Whalesbook,https://news.google.com/rss/articles/CBMi4wFBVV95cUxPQVVGOUZwajNOMTBHdzNsUkpsRGhXUXpudE5WVmpyN3ZmaDRkTjBOOTE4cnl6WnB4MW45Qk12N1lWUE1mYUU4XzlseXdBSEl4ejNaSmZBR1NnbXVEYkJBWWZVbWxmUHVTaC1sWV8wVy13cjkzUW9sYnF4YTd2RW44ZFhRLWg3azNCY01lR2o5MGpHVVpja1dQRGdpMW5ndnlNcVQwb2EtaGlxZE1nNFhoNFZacXgtWFNSYTZFeFBSaGJyYVVTMFE1YjlTNTM5LTZhQUluS1U3TjBIOWR4TlhJXzgzcw?oc=5,"Tue, 09 Jun 2026 10:25:40 GMT",India ka Beauty Market: FMCG Giants ki D2C Brands par nazar! Kya investors ko hoga fayda?    Whalesbook,fmcg_acquisition,2026-06-22T02:57:26.857754+00:00
FMCG Giants Race to Capture India’s $40 Billion Beauty Market - Whalesbook,https://news.google.com/rss/articles/CBMi4gFBVV95cUxNSFpYak5aTi1GU3oxWDhvbE9mN00zX0lxc2xDSFRJbEFOb2xVUng2b3ZWTnhjSnpTYW9YR3R6Z2RwOEN1cnlGbGRUY2NYdmNoYU1RT1dRbnpqT3ZyTU52ZGJhRi1aaHp2V0djYktEU2FTTy1FSHBwVXFlU1BpV0doYkMwdkdkTF9sckVYOFBQXzVxWTVIYWJQZjF0Vmt0THExenpGVEVjc0U0REVJR3NvcjdPU0UyLUVRQk9oX2FrenZ3REl0Z3lfQ3NZTjhxSjM0VElBODFvYzEzY0Z5dE13UTVR?oc=5,"Tue, 09 Jun 2026 10:25:40 GMT",FMCG Giants Race to Capture India’s $40 Billion Beauty Market    Whalesbook,fmcg_acquisition,2026-06-22T02:57:26.857754+00:00
"Top 6 Stocks That Went on a ₹90,000 Cr Acquisition Spree in the Last 5 Years - Trade Brains",https://news.google.com/rss/articles/CBMinwFBVV95cUxPQWlUaGllNThHWHYtT0hsOVdVR0FVd0lnNEpLcmNleVpzcDZ2NGhCalplS2lrTXRZa2RiU3h4aXRxdG9MMzBwa05GWUttaGxCRXh6dld2Rk51NUVaa3ZEZjNQTmtQOGIyVGQxNlpkNmlQUzE0dWhwQXA2V205OG1qNDhHb3hiWm04UmtCSkR4bW5MYjBlbkRZMmxEMWlSajg?oc=5,"Mon, 25 May 2026 07:00:00 GMT","Top 6 Stocks That Went on a ₹90,000 Cr Acquisition Spree in the Last 5 Years    Trade Brains",fmcg_acquisition,2026-06-22T02:57:26.857754+00:00
Marico's Digital Pivot: Can D2C Acquisitions Replace Old Moats? - Whalesbook,https://news.google.com/rss/articles/CBMi2wFBVV95cUxOYTNDY0pheDRvS3g3ODd6WkdYVFR5WjZDWWkwSk9RN05CU3YwY2MwaTdiWXBiQzJ1Nkh1VkVfcnVFMW1acElkZTBWZUZHcTIxV0hvbWV2Q2R1cEd1dTI2X2lLTUVndjExaF9hc25NZ1pGdjAwb0F6SC03c3o2SmwtZDZYUkhheTdQX1I1dHlidHV1M3hTUHlXMm9TSHVlTEJIVk1haVNsaUJhX1R3RU5lVlFVOFNEdTU4VmcyR1htTllreng3Q3QwdHpodDhQY2Rod1ZoVERETGx4UzQ?oc=5,"Wed, 03 Jun 2026 07:00:00 GMT",Marico's Digital Pivot: Can D2C Acquisitions Replace Old Moats?    Whalesbook,fmcg_acquisition,2026-06-22T02:57:26.857754+00:00
Emami's Strategic Shift: Acquisitions and Digital Focus in Focus Amidst Growth Pains - Whalesbook,https://news.google.com/rss/articles/CBMi-AFBVV95cUxPWEdmcDF4djEtTjNiVURIN3lUUWNWeDM3c3JLTFg5TGQ5RldIR1dsWUdKYjZMay1Zc1YzdHBNeE9NTFU0S1FmbmNSaENCc213WXgtOHUyTXo5NXFKWVRwUkRBNHZrRnBtTGd4blhtcFV6X28yRUgwbXM1bzdWczFhbzRhZmllNENaQUJNdGNtMHFvWm5UaXZxX0hMc0Y1OG9yakJlSDVPNVpxeldaZ0dNblhTTFVPWmoydmQtR1F6YWNnVDZySXA1MndfaVFPT2E0Y0I4Q2V3Zkpkb0tzeFlDTVF5VVZiVUJIMnRCanF6Tk1PemJGQ0sybw?oc=5,"Thu, 11 Jun 2026 03:56:35 GMT",Emami's Strategic Shift: Acquisitions and Digital Focus in Focus Amidst Growth Pains    Whalesbook,fmcg_acquisition,2026-06-22T02:57:26.857754+00:00
"NCC, Bajaj Electricals, and 5 Other Stocks in Which Promoters Bought Stakes This Week - Trade Brains",https://news.google.com/rss/articles/CBMiqwFBVV95cUxOV3dwTXdhYWpIamN1ZlZxdTdPb2xLMHlzbldZcGZiRElzNzRVRFh2Mkp1X3lFcmpwVDJMZ1M2NUVWcHphdmJJajVPUVRTVTRTVHg1cXVpVGRVeDdaQ05MOVFYbE9PNEhaekdiZ0JidERUaXhNbHo5ZDJCRTJXTGx5dm5LZzNNSjlBd1NPLXNYaGZjM0UzazBoV0QtbGhPalVXLV9jUGJ6TFhNTjg?oc=5,"Fri, 05 Jun 2026 07:00:00 GMT","NCC, Bajaj Electricals, and 5 Other Stocks in Which Promoters Bought Stakes This Week    Trade Brains",fmcg_acquisition,2026-06-22T02:57:26.857754+00:00
"AWL Agri Business FY26 Revenue Jumps 17% to ₹74,731 Crore, Announces First Dividend - Whalesbook",https://news.google.com/rss/articles/CBMimwJBVV95cUxQU2ppSFNJdDRFLVpEZWdkV18zOTlEbU8tRXhKb04zZmhUY3RnUE4zMTRjcDNMcTB2OEhlQUtpc0liZUNlaHFuZmZsZFVhcEZDRWh4XzNJMXA2UmlGLXhpRlVzMDFZX0lhX2xNWFpyNllIQnpPSGVqLWQwX1BpMmNmRE10WDBtUjJfb0JKTFAxR3E4UXdwcGVIX1ZvWWZEV1VaNTV6NnhQUzY0eHFTSk42V1FSbWs2c1ZFZ0QtNDZySkg5enlmZlduNW5oQWNrSzdZNkxuUzBIUFAyUV80ZUVGaEQxV2IwMFdnUnp6ek9RQ1pGQTk0bnFIZHBhYi0wVlUzYTFwMjNlcHlmd3dwc0w2Q1o2VWhxNFo4QWlz?oc=5,"Mon, 15 Jun 2026 05:26:27 GMT","AWL Agri Business FY26 Revenue Jumps 17% to ₹74,731 Crore, Announces First Dividend    Whalesbook",fmcg_acquisition,2026-06-22T02:57:26.857754+00:00
Manglam Global Reports 393% Income Jump Amidst Auditor and GSM Concerns - Whalesbook,https://news.google.com/rss/articles/CBMi-wFBVV95cUxNWFZwNHI5SG41LW9kZUhFaFlIZUZ4bmVnQ3o4RktqVWMtZzRHc1MxZjVMUjBmYjFyekFfcVNnejZsaU5vdHB2aWNXTmRnT0wtQmdwNDR6clNscXBZZ1FkSFFGN1dsamRXWHhtUWNMTXE3bHpHbFdUTGdyV1hvREszLXFONnhrMUVZeEJId3Z1ZjJoUV9LVUl2RURaV3dQQnQyZDJTaERJeTJPbW9yUEJra3ZRX1kzSHBMOFB3UmtVVW5hNmxPZFlWYlRoQ2JNc04tdGZQNXFtMHZTejIxTW5YclktQ0FKa0RNRFg4WWlFeUp2Q0VXbmoxWFduQQ?oc=5,"Fri, 12 Jun 2026 13:35:26 GMT",Manglam Global Reports 393% Income Jump Amidst Auditor and GSM Concerns    Whalesbook,fmcg_acquisition,2026-06-22T02:57:26.857754+00:00
Disaronno Group Completes Acquisition of Amaro Averna and Zedda Piras - Food & Beverage Outlook,https://news.google.com/rss/articles/CBMixAFBVV95cUxOSjZBNmFCYThtLVFlT25WQnlmLXRBX0RoWFNsVzNlNi1lX29BREJaZzV6M2JVdVN1TExDSmg1QWZROU9BUzVlMC1NQ0NDSmJwSU5FT0p0RGFvcjBQQUp6RVFKOHlQM21pVHRSYloteEhwclAtaWp2OXlwb2tmTFFWZGZ4cENIYkxWTUNWS2Z0OVR2aEJCc3dfM1RsTzN6SHRMS1A0MFN1Vld6VDRJOTBmeHdhUkhyb1ZuUFF6ZlpwWDZ5T1lX?oc=5,"Wed, 10 Jun 2026 07:00:00 GMT",Disaronno Group Completes Acquisition of Amaro Averna and Zedda Piras    Food & Beverage Outlook,food_beverage_deals,2026-06-22T02:57:29.429937+00:00
US dealmaking weathers global M&A slowdown - Food Business News,https://news.google.com/rss/articles/CBMimgFBVV95cUxQcWFBT2x4LWh1NlVZNzgwQ2NtUmdGamg5X21YZXFFRUwzbllGMlRSaEpwWGZkSGYzMmdTaGdOd0lBRmhJcTc5V1RuUHNCOTF0a3Q3MG5lZFFRV2JVRDVacC1NREYybkpTdDhXSzJnVUZieWFxS1UwTV9TTjV2eUtpaFFyN3FIUUpOOUMxOUxNNlg2Zm5EQ3E5TXdn?oc=5,"Thu, 28 May 2026 07:00:00 GMT",US dealmaking weathers global M&A slowdown    Food Business News,food_beverage_deals,2026-06-22T02:57:29.429937+00:00
Solina expands into Beverage Innovation with Acquisition of Twang Foodservice - PR Newswire,https://news.google.com/rss/articles/CBMizgFBVV95cUxNdkZlVEM4amg1RXF6RGRpanNpSExOdWlaZ2k3QUFMZjYyOHlCU0pvTVJjQW9tMnVmSEdTZ2lxckJCbkIwdjhFNEk0Z1FDQkd3Y0xIMzJ5Z0tfR0FMWjV1ZEw4RWlUUEljWFRJYVVwa0lycnJscm1xR0RfY05KNWJ0b05sY3BtcTVsQjFvRk5XMDhPUGc5SGRnZG9NZm4wQkNDanBaTzc1emFsWEhEYnFGWTVnZHFHUnRzRGd3SEJVd3NqajJfQVhVc2pEWFFDQQ?oc=5,"Tue, 09 Jun 2026 07:00:00 GMT",Solina expands into Beverage Innovation with Acquisition of Twang Foodservice    PR Newswire,food_beverage_deals,2026-06-22T02:57:29.429937+00:00
A Fresh Splash in Beverages: FlavorSum Adds Beverage Flavors International - Business Wire,https://news.google.com/rss/articles/CBMiygFBVV95cUxPemZtLWt2WGdpT0NUMk55RDRHd2lvSkJKTVZIOTRERTgySWpMa0RINlFzSzVhYmE2emFjUHFFQVg5U1VfeVhQa0xPTV9RWHVLZml5UXlyZjZpbGZZelZwbmxYTHIyWHJOcTAtMVRTV2tUY2dmMVM4SVRKQldYV3cxZzNkYkVrbEl2S1NMUWdvQkdfSFRKV1VWRHdLSTJWUG5GNkJqempSM1hIRXhhWWVrbkFGMU1xX2xtYlY0RzZhRXFhUU9RWE5MNEtB?oc=5,"Wed, 10 Jun 2026 13:00:00 GMT",A Fresh Splash in Beverages: FlavorSum Adds Beverage Flavors International    Business Wire,food_beverage_deals,2026-06-22T02:57:29.429937+00:00
Ingredion Announces Recommended All-Cash Acquisition of Tate & Lyle - GlobeNewswire,https://news.google.com/rss/articles/CBMi0wFBVV95cUxNQ1RHQXN2a3dIRFJKYU0welhqSXk1ZWNZelVJdU93RlVsOTZ3cTRPNFBYTElrN3JFenJwc1RNOGx1azJNblh5MmpPeHprNENGUVVnVEpxcFBwRG5XVHF0UEtCR2hIeko1T01xLUxYaWFEODhCSDkwRkw0Zm9RdlVlWk9iekg1d3gwMWp4RnVXY3B3Q1lFTFBOQnJrNUNhZ3hZLXE3SW1aM1dhUXlqY25VZjRhYmFjdjU3Z2c1ZTNJdWJROXpCMVJiZTBPLXNFdnVyS3Fv?oc=5,"Mon, 08 Jun 2026 07:00:00 GMT",Ingredion Announces Recommended All-Cash Acquisition of Tate & Lyle    GlobeNewswire,food_beverage_deals,2026-06-22T02:57:29.429937+00:00
Ingredion's $5B Buy Targets Demand for Healthier Food Ingredients - Powder & Bulk Solids,https://news.google.com/rss/articles/CBMioAFBVV95cUxOLW45ZXlLRnNtdkJEWWlPYjUwRTY1bXBFY1NNYUxBV0x4bjhHdjJNbXJKRi1uUzAwdnlybFQwWC05dExHUUVOYkloMGRDWTJObHBZaU5DRlNRMDBMLUZWSWhZOGlRTU9nLTZLWWJLNjhuNTFpVEd3ZmFJU2twQU1vNnlrMjBkNHFkekhOekdnR09ETHNtQTZfMkdEVWRIaWFs?oc=5,"Mon, 08 Jun 2026 07:00:00 GMT",Ingredion's $5B Buy Targets Demand for Healthier Food Ingredients    Powder & Bulk Solids,food_beverage_deals,2026-06-22T02:57:29.429937+00:00
FlavorSum acquires Beverage Flavors International - Food In Canada,https://news.google.com/rss/articles/CBMiogFBVV95cUxOUUdBQTdLbWlpa0dDYXRMaHBmMnF2VVdLd3VaS0dnaVVHcFNFcGN4d2NBSW9mSGtzbk1wMGo1ZGtLNVpIdmRQOXBSYms0OW9aRWJ3QVZEaTFlQ0xBd0dZTU5JVTRodUk3WTB0bVlTUVFxdm4wbUNPWkNDWEJncS0wMzFMTUVvajNBam9YTzFvVkpCMkw1YW4yZW0zU0VMcFJsYVE?oc=5,"Mon, 15 Jun 2026 13:12:55 GMT",FlavorSum acquires Beverage Flavors International    Food In Canada,food_beverage_deals,2026-06-22T02:57:29.429937+00:00
Nestlé snaps up smart food brand Yfood - BeverageDaily.com,https://news.google.com/rss/articles/CBMijAFBVV95cUxQbXVCOWlqUUZIaTFjZVZteXJsTHJVZHo1ZFBBbXFFc1lablpFZlNobXN2bUNYQU9LaHJ4YWt4Ti11ZWxtTEVTY1Fsd251THRwYWJ3WFJVN1BweTRibENqWVdOZkRod09RUFh6U1dxd081OS04VmgxZEVqVkJJR0RpZm9LOWRaalNGWWxEWA?oc=5,"Wed, 03 Jun 2026 07:00:00 GMT",Nestlé snaps up smart food brand Yfood    BeverageDaily.com,food_beverage_deals,2026-06-22T02:57:29.429937+00:00
Polish Food Group Maspex Acquires 80% Stake in Ukrainian Beverage Producer Karpatski Mineralni Vody. - ubn.news,https://news.google.com/rss/articles/CBMitwFBVV95cUxQYWlBZUlpUlBRbXdtQmZRblBLQS1PcXNLeHF5cm1JcEpUTExLYkFnMG5OU2pXdFUzRGhXY0xXTkNudDh5Z2FiZWpFUGttX1N3c3BZSmdQeVhZZXhkVEdXSnJUcElIeWp4aDNRTHNNLXZUT2JMMkg3aTRNQ0xkWnctQVNXNV9BM1RsVWRudGNLc2NuNG5HOEYwOFgyNkgzWEROV2QxUS1YS1NXUlJyUFlLN3BSaWZOSW_SAb8BQVVfeXFMTzNuc3pNcTJQZURDY19KakxFN2txYjhDMDQ3dE8wc3hoQTdrLXBLS3RXbFV1V05PdjBKdnpYeV9ZckZ2T0NucnFTOEc0Q0FvLU5aSTFmREF1c2dscE93TjNDOTJxR3phMk54aWxqcllXM1pta0lnT1l4d1VURzRsZ2daMV9TbVpzVFBrZXNpcWh3b0x0NjdxT2pfMmZIVDhDVHdNc0lhb1dyYVl2Zi02STQ3MWhSR183bnhoX3pROWM?oc=5,"Mon, 15 Jun 2026 02:12:28 GMT",Polish Food Group Maspex Acquires 80% Stake in Ukrainian Beverage Producer Karpatski Mineralni Vody.    ubn.news,food_beverage_deals,2026-06-22T02:57:29.429937+00:00
Ingredion to buy UK's Tate & Lyle for $3.6 billion - Reuters,https://news.google.com/rss/articles/CBMiqgFBVV95cUxPSENOTklNOThXdGRJazBrYkROTnQyMGRPYmZCcmliR0VQOHRJNTBNT0w4ZkRxbkpWYzlOYzRxYzVoaGtfdU1aSUczbEdqeXlxRFZTVHZFcEM2dUFqblR6dEY0a0VmLTRIbnhKZUNwYTRZZXVuOFRydkhINzh1d05fN1dhVmFBdkl6bEZPd1JtQ0pWaTYxeVVranlHRkhZeGx5ekx2Um84OVVlUQ?oc=5,"Mon, 08 Jun 2026 07:00:00 GMT",Ingredion to buy UK's Tate & Lyle for $3.6 billion    Reuters,food_beverage_deals,2026-06-22T02:57:29.429937+00:00
FlavorSum acquires Beverage Flavors International - Food Business News,https://news.google.com/rss/articles/CBMingFBVV95cUxPbmJIb0dNY1ZMYW5OQU90a3UyMUtZNTFEVncxSnc4Z0FVc0F2bjhVLWlSVENMaC1OZldoRUhhWENtcnUzOE5PWnNCenBQbkdadEo4aEN1UHY3T0N3N0VZX2ZlY080QVQ4Q21lb2lfN3VvS2o4NkFHWU1GQm54QjhrSGFQckppRXVYUGlIRk1lS0VIMkc4YWVLSHFCZW1sZw?oc=5,"Fri, 12 Jun 2026 14:20:48 GMT",FlavorSum acquires Beverage Flavors International    Food Business News,food_beverage_deals,2026-06-22T02:57:29.429937+00:00
List of 26 Acquisitions by Danone (Jun 2026) - Tracxn,https://news.google.com/rss/articles/CBMipAFBVV95cUxQSUpFY2VJN2V0Y0QxdTFsMmFRbUh4Q2JjYnp6UWFBcHM5WVlISDVWX0huX05EWFo3cDJ1Z0Y3dmdLc3pYUUNkS1JzdTlOTXlTVFlPNUN5dUpTX01RMTFYR0RmUUxtNnRDcjJVRlhrSVZ4bFdKQV9IbnV6MGpNcUQ5UkVCa2FkekpTeFM4OEhHMWVWdS1HTFhKelVDcjl3RG41MzBwNg?oc=5,"Wed, 03 Jun 2026 07:00:00 GMT",List of 26 Acquisitions by Danone (Jun 2026)    Tracxn,food_beverage_deals,2026-06-22T02:57:29.429937+00:00
Heartland adds to sweetener portfolio with acquisition - Food Business News,https://news.google.com/rss/articles/CBMipAFBVV95cUxPTTNUYXAwRnRFMWNHZHI2dVhaLXh5VkV3SkdtYmh1S1JCR3luOTJaQWo1c05RZXFLUDBxZVkzOEtVUW42MmVaWDFwdlZhWXM0MnZUci1VU1Vha3FUaWJSWkhQVVdld1dEWE95ckFJY3JqWGVVNnJBX1VxOGd6b0lLY1hxNnpaUUJMMVhnaFZVRnQ1cHFidDJHekU3OTlZTENuUHJucg?oc=5,"Tue, 26 May 2026 07:00:00 GMT",Heartland adds to sweetener portfolio with acquisition    Food Business News,food_beverage_deals,2026-06-22T02:57:29.429937+00:00
Heartland expands sweetener portfolio with Whole Earth Brands Americas acquisition - FoodBev Media,https://news.google.com/rss/articles/CBMiyAFBVV95cUxPU2RfNTRZalVWRHlzWUpPa29oNF9UeE1rQnVNcXo1RDE4Q2t1aXVsa19uYU4xcUowTFIwODFqdzdxaEpJWVE3VER3UHMyM2tiWjJYc1BydG5BS2NwRTZSS2dpeDhiWGtPU3dreEtqN0k4Mk1fUGRpM3o3TTJISnVjd1VfRlFLcXgtLTFFVm5tODdYTTJmaExFU19KVmtYaWVtZHF4aU1VeEZPcXltbTUtZmg4ejV3ellLa1ZNQ19NOW9XWFN1SFdNcQ?oc=5,"Tue, 26 May 2026 07:00:00 GMT",Heartland expands sweetener portfolio with Whole Earth Brands Americas acquisition    FoodBev Media,food_beverage_deals,2026-06-22T02:57:29.429937+00:00
Ingredion acquires Benicaros® -- a prebiotic fiber that supports immune health at extremely low daily dosage/intake - GlobeNewswire,https://news.google.com/rss/articles/CBMikAJBVV95cUxNWEhEaHdpX3ZjWTFJOWJrSkpiMnU2NG1Ja3lBQmx4ZGZ2THB6QmkwOVRuQTNRMHFjaHU0ZVJUMG5sMFNuQ3Zmdi0zUFdicTZqbUJaeWcyWGN4YV8tRDI5UTlIUTJZLUgySUNrOEZMcVpwcldNOURPb3JGUDBFTDREX0NEYS05d1hLWDNHM2RCWHFBYl94bzlBa1hrS01YcjIzMU9yOFFpa1hQY29FcGJENjlKT3BlMUZ0dnRaWFl3OUZWTWpuOEdwTW5ZLVBaRllKTVd6UjZ1cXc0NmprRUczeW1qWU9wR1BPaXluSFN4N2F1VFpwZzEzb2dac0ZrZkxRdEFHb2xFb0d0TnZYcTJRUw?oc=5,"Tue, 02 Jun 2026 07:00:00 GMT",Ingredion acquires Benicaros® -- a prebiotic fiber that supports immune health at extremely low daily dosage/intake    GlobeNewswire,food_beverage_deals,2026-06-22T02:57:29.429937+00:00
Upcycled carrot prebiotic Benicaros joins Ingredion for immune health - Stock Titan,https://news.google.com/rss/articles/CBMivwFBVV95cUxOVFdOQXdCNHMwWVBaT0NlbUFqRkdmUjlMZmRGMTFRa1l5bjNtU01hWUxrM0dxMmpaVy1qYTUyVFJZNlhxbEl3QXJfWHBqVjQ3SWl5bklPRkZzdzhmY3UzcE9PNjB5bmZUSmptVk5VSDJYSFpBYzhBejVSb191WDg4TGNwcmxMNEplQ0hVZjFDeWF2LVN5Zmd3djFHNk9ndDZITG95cVBEN2xlejhhNTBjWUYzYUNTM21ndlZLZ3Boaw?oc=5,"Tue, 02 Jun 2026 07:00:00 GMT",Upcycled carrot prebiotic Benicaros joins Ingredion for immune health    Stock Titan,food_beverage_deals,2026-06-22T02:57:29.431941+00:00
"Alcoholic Beverages Market Size, Share & Trends | Report [2034] - Fortune Business Insights",https://news.google.com/rss/articles/CBMifkFVX3lxTE9qZ05PQWRMQTBON3pmQWhRT2htUDBRTU9LRmF4a2szd1Rybl9QeU9CTjhpSlQwbmxEM0tSUENaU2pBOUE5RHl6dHJHOUgtOThuSXBqWXV1ZDhEYjhjVnFsVW5BZDV4NXNSVXJvU3FNZV8ydURSUWNpQmkyMXJTQQ?oc=5,"Mon, 01 Jun 2026 07:00:00 GMT","Alcoholic Beverages Market Size, Share & Trends | Report [2034]    Fortune Business Insights",food_beverage_deals,2026-06-22T02:57:29.431941+00:00
Ingredion to acquire Tate & Lyle in £2.7 Billion deal - FoodTechBiz,https://news.google.com/rss/articles/CBMimgFBVV95cUxPSmt1bUJkbE9PNTloZ05EcHF1VG1DMXpESmRPNWdzLVpLOFVPR042WFlYd1M4SmVXelZFV1RnS1ZNamJybWh1MWpCMVgycjUtWEMxMkozcjVMVXZuMUxHaHFOXzlibXh2dm51WklnMEl5d0VWSWV0UGFBd2Z5THd2RFEyM09JWWFZYURpalY1RDJEY0hxOGQ4U0dR0gGnAUFVX3lxTE0xdDFfSk9IVzhkbXo1ZlU5Ylczb0FhSWphdnRPYU5MM3dtV1FtblpZNUZBQUpQMTMtQ1dNZEVlY1NMWVhtR1gwejhTQUVZNkoxUnZMaGhHNXZkSGRVSGxtRTVwQThNaWZKa1plWXJ5TGptN21yNjNFcmRXWlNlNlR0RXV1enJOekpiWWFVc3VXS0IzTDlvZ2tSdDVKcHQyZ1JlVmNHMDBj?oc=5,"Mon, 08 Jun 2026 19:15:03 GMT",Ingredion to acquire Tate & Lyle in £2.7 Billion deal    FoodTechBiz,food_beverage_deals,2026-06-22T02:57:29.431941+00:00
"Encore Announces Sale of Twang Foodservice Division to Solina USA, Inc. - Business Wire",https://news.google.com/rss/articles/CBMixgFBVV95cUxOM1hscnBDYUhCSGFENV9ZUzFWZFBLNTJ1UVY1LWpKUzlKOHcwZjVYV01VVFc0QnhXNVdVVVM0STlRYnZ2bmFHRzIyVFZ5V1NZTmoxamJ6Q0c4cm1CeHBKZlprdlJsMFlWY2tRdW1kOTh4NEJuQ2RaNkpBbHM2bTV0VERPWnRkeFdUS0N5dzRlUTdQTjZya2NSeHB2N1dzWnFNUnpjMkdVT0hJdXFVaUNCb2NPUjNVZ1Z2WHBKLWpLSzhQSGQ0N3c?oc=5,"Thu, 11 Jun 2026 07:00:00 GMT","Encore Announces Sale of Twang Foodservice Division to Solina USA, Inc.    Business Wire",food_beverage_deals,2026-06-22T02:57:29.431941+00:00
Heartland Expands Sweetener Portfolio With Whole Earth Brands Acquisition - Prepared Foods,https://news.google.com/rss/articles/CBMiuwFBVV95cUxOUW9DSW1JSVhhdmZXc0dCbWVtRUVjanQ0eVBYWWtaeDYwZ2dHdUQ4YVBFd3F0VWtkd0NJb0JUN2lKWVRrQ2o5ZzhoTTdUcUZiek5HbHBTODJkUHN5NW0wQi0wbXJMWXdPbVZaY0I1em5BOHBNcDdUNUotcWt4UmxZVFdDbU5neEpma1BDOTFFZ2NESGJ3bnhRLVU0U2IyRG0yMExYVjZtSlV6YlNRb0drREZVT3ZqbllwcG1F?oc=5,"Wed, 27 May 2026 07:00:00 GMT",Heartland Expands Sweetener Portfolio With Whole Earth Brands Acquisition    Prepared Foods,food_beverage_deals,2026-06-22T02:57:29.431941+00:00
Ingredion agrees to acquire Tate & Lyle in major global food ingredients deal - Milling Middle East & Africa,https://news.google.com/rss/articles/CBMioAFBVV95cUxQeFdsYW01dC1Qd2psMmVob2pWSk1jbXdJS2tZT04zY2RWZ1dVeW1jb3V6Mkc3anptWXJUcnl6U1JyX2h2bGhudExfNlJzcXcyUW9ZOHpBRUVrejNqOFlvNVpsNXpneUd0a3FyZTVobXpCOXJzWmVkTGhQWHY4aDJkM2RBNEFaUlNLdmdQd2NxY202bzVXYUJxOFFqa09CcXNU?oc=5,"Wed, 10 Jun 2026 10:16:44 GMT",Ingredion agrees to acquire Tate & Lyle in major global food ingredients deal    Milling Middle East & Africa,food_beverage_deals,2026-06-22T02:57:29.431941+00:00
Danone’s €1bn Huel bid sparks competition scrutiny - FoodNavigator.com,https://news.google.com/rss/articles/CBMiygFBVV95cUxQZmFpaUxiOHVrZmtrSmtNX3FIVngxVmw5NS0zVE84TUU2dzJ5MWNEVUZDRkxoc1I5d2x6ejdXSzhaNjB4U3owTnl1UHZ2dG9vYjg0Vjl3MkRhRUdHaHI0elNwbGZQQVpOY0I3eVNidDRpNE5kNzc2NWVaWG8teWtoV0NqcjAyaUtiZEs5dS02UG9sV21yWXNQYXBHTmhrNy10NHk2VEZNNG80dVB4T3dLYTZ0Q1RMMHVjWkZwbnJFbkxvcnZPWHd6U1hn?oc=5,"Thu, 28 May 2026 07:00:00 GMT",Danone’s €1bn Huel bid sparks competition scrutiny    FoodNavigator.com,food_beverage_deals,2026-06-22T02:57:29.431941+00:00
Ingredion acquires upcycled prebiotic fiber amid $3.7 billion Tate & Lyle bid - FoodNavigator-USA.com,https://news.google.com/rss/articles/CBMixAFBVV95cUxQWS1LeVV2S2hGWHUtUVRlM0NZbFRnbXJoekJFZ2VMUXBJdEhHOFQxUk1UbE81dk5wRGpVZWZtLWl5c1pNcFE0R0RPc3lQVElGWlJUR1p0ZDRIRUt6VFRXSGluQkIwb0l3aGpDMjZXdzYzM3dTOG04VkNVT1lyendQMEZ0aU5KNTdNdEZqR2M0V0ZfSmxHWHNPdEd1ejBuNi0zWkVEN0FNbkNjaDdCeXVhRmJERFA5QU5GdG5Vb3NwQm00YWpi?oc=5,"Thu, 04 Jun 2026 13:24:58 GMT",Ingredion acquires upcycled prebiotic fiber amid $3.7 billion Tate & Lyle bid    FoodNavigator-USA.com,food_beverage_deals,2026-06-22T02:57:29.431941+00:00
Sagtec Global Limited Acquires 40% Interest in Malaya Heritage Holding Limited to Expand F&B Technology Solutions in Malaysia - Quiver Quantitative,https://news.google.com/rss/articles/CBMi9AFBVV95cUxOMEh3cUxyS1JmNUlKbzBWY2ZVUGNKMlYtZlJuYXJfN0hUQUdtaWNWTG93ZHpKYmdueTd3UzFvaEdyZ1dTcjctVTVBRG1wSWhHSkdaYllqX3dtandBcU5paG9rQUtkcUtrYW96QklSM1FINVliZjdpdGljTVIxNzFpdVJxWmlac0h2ZF8ybktRenI5WlVUVkFCYnB2Zndia3FNaDc1ZTNaLWZib0dpUVNoejFPTmg0MUpqNzYyS0gxQ09Uem1Ycktya1BPTlV3NnVPalc0aW9UUHJyVmNiUnFLR0NQV0hfaTUxeXl5TFZmTTVwRExp?oc=5,"Fri, 29 May 2026 07:00:00 GMT",Sagtec Global Limited Acquires 40% Interest in Malaya Heritage Holding Limited to Expand F&B Technology Solutions in Malaysia    Quiver Quantitative,food_beverage_deals,2026-06-22T02:57:29.431941+00:00
Döhler’s Nukoko acquisition accelerates cocoa‑free chocolate - Food and Drink Technology,https://news.google.com/rss/articles/CBMirwFBVV95cUxOdmkwZDBIdm9hUDRIMm9Hb3A4S1Z6V1hWTi1ldFBjSDB2NFJPSk4wZE5sdFM5ekVxRkxaNU94WGFYMlItSHlMSEp4Z1JWaWNkTDR5dG82Q0J3b253bVp0QW80bG40SHlQSHl3bndZVzExUUwzcU9FeEoyU2VTZjdMclNwdGktQWk5VkFaMFIzRkQtOUExS0dPcTN3T2JWRlBYTlRzOVZ1RzA5b3RnVDBF?oc=5,"Fri, 19 Jun 2026 10:46:30 GMT",Döhler’s Nukoko acquisition accelerates cocoa‑free chocolate    Food and Drink Technology,food_beverage_deals,2026-06-22T02:57:29.431941+00:00
Ingredion proposes $5bn Tate & Lyle buyout - Food & Drink Business,https://news.google.com/rss/articles/CBMikgFBVV95cUxQaTVRb2g4OU1kODRzWjRlSlB3dEU5ak0wUUVfX2R0MzFscGVxYUt1M0VSbkk2M2VsZnFFZkVQczFFcnMtU3F0NDRjcmduWkhuQ29zRFMzY2t5YU5SYkRYTjUwVmRfNi0zNDI4UmVfNGVIcE1vYklET19heWhseE9XVlJHZzZnSTNFLW9UWFhOZVYwUQ?oc=5,"Tue, 26 May 2026 07:00:00 GMT",Ingredion proposes $5bn Tate & Lyle buyout    Food & Drink Business,food_beverage_deals,2026-06-22T02:57:29.431941+00:00
Fresho acquires UK software provider - Food & Drink Business,https://news.google.com/rss/articles/CBMiiAFBVV95cUxON19Wakh4MUdxVkFGVTlkYS00WG1RNnRJR0Rvb1ZjMWI5cmZFdjk1NEI3d2t2bGZaUHVSbnRKZERNVmtEZWZhS2tIaTlHeV9qaGdmREhrOF9vSHNxQktoR25PUElveHZiQkNhQTRqOVUyeFBwaXBzLW9FNG9LZGtlNVY0WGtuRXVo?oc=5,"Mon, 15 Jun 2026 21:40:09 GMT",Fresho acquires UK software provider    Food & Drink Business,food_beverage_deals,2026-06-22T02:57:29.431941+00:00
Arla Foods acquires DMK Group - Food & Drink Business,https://news.google.com/rss/articles/CBMif0FVX3lxTE91dHllTGNCRUQ0d1FFMUZJRWU0dUQyNVNXOWZTUGNjaUwwYklGMXVCWmp4cjh0X1E2SWRIdUxSeEd6anp0cmhJdzhlM3ZxQlRvaWVwVkZhOVIyd09UczdOWGdWTzlSa3E5eHJtQmhCTnBDc1FxVmxaUjEzVV9KV28?oc=5,"Mon, 01 Jun 2026 08:24:37 GMT",Arla Foods acquires DMK Group    Food & Drink Business,food_beverage_deals,2026-06-22T02:57:29.431941+00:00
Ingredion strengthens functional fiber portfolio with Benicaros acquisition - NutraIngredients.com,https://news.google.com/rss/articles/CBMirAFBVV95cUxNRWtMc1BmT0ItSWFERDc3alZJemVCRHNiMkNydGREenNtMmZiSml2cFVkYjFhel9WdTBEdi1IM3pMSzZ6NnpVTm5mXzFNWVdkMWdFMTlTTTB6aEI3dFhMaUFyWUpYajVkUXNBM0htV2Z4OW1TZXp1Ymd5SFNzSUZHQzlKMXdPS1Uxbk16bTAwMk1xelQxeFZjNEZJZFAzVFAzbVJ5OTVZTmdhMi1i?oc=5,"Thu, 04 Jun 2026 07:00:00 GMT",Ingredion strengthens functional fiber portfolio with Benicaros acquisition    NutraIngredients.com,food_beverage_deals,2026-06-22T02:57:29.431941+00:00
"Casey's to open 120 stores through acquisitions, new construction - CSP Daily News",https://news.google.com/rss/articles/CBMinwFBVV95cUxPXzk0eUNELUVnSEF2MURfdTJEY1ZOMGtyS1hrNlNsbkdyVTFwVmlUTWNUWkc2U2EzWG9ULWRXdnJxaUJBblc5bjhaY1JuTlpSLWZzOVVPQ3pYN3pWSjRDVTdyRlplalp4MTBLOENrbDVISjA1WVh5dnJtbmpoY0E0QUtFWTZUSG5QUlpqSDZqUC0wcHBVcnh6djdZYnBhQVk?oc=5,"Wed, 10 Jun 2026 07:00:00 GMT","Casey's to open 120 stores through acquisitions, new construction    CSP Daily News",food_beverage_deals,2026-06-22T02:57:29.431941+00:00
Sweet deal: Sugar giant Tate & Lyle agrees to £2.7bn US takeover - Aberdeen & Grampian Chamber of Commerce,https://news.google.com/rss/articles/CBMinAFBVV95cUxQYlk5S1RreEllUzlyUjlHVGVKQ3NURThXaGlveE9sMjREYUVmOUcySjBOQzBvV1BfUzZrN3BTVEtfRjNEOTlZWHducjkyTnBLN3J4UVZuQTJtRjFBaDVJY292eEZIQW5NOGJWeGFSMFdBaVBxOEZ4eWlGZEZvak9IMlgtLXlSR2NDZm40bWFHd1htR2FIVlNDR2wzY2w?oc=5,"Mon, 08 Jun 2026 07:00:00 GMT",Sweet deal: Sugar giant Tate & Lyle agrees to £2.7bn US takeover    Aberdeen & Grampian Chamber of Commerce,food_beverage_deals,2026-06-22T02:57:29.431941+00:00
UK food giant Tate & Lyle agrees takeover by US rival - Business Post,https://news.google.com/rss/articles/CBMikgFBVV95cUxQNnlEOXIxRU9aZXNETkx0eWFTWjJCRnltN0UtcUNYU292YTUyZ1BkZ2VGNG5Sc0c3LVE5aHR1UThjQUh5R2YwT0EyeVhGTk53cGZRUGU1cVZMdzZXTDM1dGtkZU93YTZtaU4zMDZhSWlMdWp5U3NrSGw3ZG1iYU5Qd0FPNFVIVFJqVXNTQ2xCWXdmdw?oc=5,"Sun, 21 Jun 2026 20:06:50 GMT",UK food giant Tate & Lyle agrees takeover by US rival    Business Post,food_beverage_deals,2026-06-22T02:57:29.431941+00:00
Hewitt Foods set to acquire Nolan Meats - Food & Drink Business,https://news.google.com/rss/articles/CBMijAFBVV95cUxPZjdHcC0xLUxjQ3g2MTUxdHB0d3dPTEhrOURfM2lzTTdwMUtnaDJHWl9YQ2psMHBYTW5ZOXhYRlIyVExvaGk4SHZxTndybUVqSVBRU2ltMEhYWFMtZUI0TWI0bGw1OE5QUDQwdmdRRGlLTkQ3MTdFVjNHa2JXajVvN2YySlJoSkF5cHpkbA?oc=5,"Wed, 27 May 2026 06:47:27 GMT",Hewitt Foods set to acquire Nolan Meats    Food & Drink Business,food_beverage_deals,2026-06-22T02:57:29.431941+00:00
Historic British food company sold to US rival in major £2.7billion takeover deal - GB News,https://news.google.com/rss/articles/CBMickFVX3lxTE40MG5XQVFUXy13TGtUNUloMHc4dVVVajhaYXQ4c3lFWVdTaHRpdHA3X2c4eVZOTWVIOHpLckdUeHZ6Vl9ZYjZVU1ZBNGpSTUduM1BTdTV3dnlSb1pkTktzcFB2RXduUXM5X3YtRFZfN2RLUQ?oc=5,"Sun, 07 Jun 2026 07:00:00 GMT",Historic British food company sold to US rival in major £2.7billion takeover deal    GB News,food_beverage_deals,2026-06-22T02:57:29.431941+00:00
Ingredion agrees to acquire Tate & Lyle in multi-billion deal - Food Business Middle East & Africa,https://news.google.com/rss/articles/CBMilwFBVV95cUxOQ0tRMEtEWXdYS3h2d1Jzelk2RU1GczdoWkJuRkR4VExQeVhCTHd2ejJEOGhidU1tZFhLUmlUMmhIUjFzMGFfb2FjRUV2TFlnODc3S2g5RFlXT0drNEhudDJRVFB5S3drN0dUYmN1S3FMM2REU0JVaVpkUzN2aXN0bUI0anlkVWVNaEpWTV9ORkktazBRR3ln?oc=5,"Mon, 08 Jun 2026 07:00:00 GMT",Ingredion agrees to acquire Tate & Lyle in multi-billion deal    Food Business Middle East & Africa,food_beverage_deals,2026-06-22T02:57:29.431941+00:00
Nestlé acquires full ownership of Yfood - Food Business Middle East & Africa,https://news.google.com/rss/articles/CBMifEFVX3lxTFAwdXFZUFRSczVZUTVEZ3NuSnFlZngyekJTYmhjdlZxWjU3ZG9ndFlvdUpQOXI2OVNUSTlra0E2Rnl2ci1FdWZRYTJqVzJnOGFObHJHR2k0aEtSeURfOTdTWjVaOHZ0eGZ6djZOYU9ZMnhyUmQxOVFRMms3MzE?oc=5,"Fri, 05 Jun 2026 07:00:00 GMT",Nestlé acquires full ownership of Yfood    Food Business Middle East & Africa,food_beverage_deals,2026-06-22T02:57:29.431941+00:00
The Road Forward to Value Creation in Consumer Products - Bain & Company,https://news.google.com/rss/articles/CBMijwFBVV95cUxNMlVhVXpDWWJHZDdlZFB1a1FQZmxER1NMYkZ1NmRMQk0zNlNUV3F6VVdELWVzYkdrZEsteU9ZZFJPeDQwZGs5T2JVT3d6WmNiWmJNekRRbXQyMUVxeHRkQVAtY1dhbDQzRGFxYUhLUXZvX1pFbG1XNXJBSmJvVWtqWENyMGlyTE5TRFRvcm45VQ?oc=5,"Fri, 19 Jun 2026 11:20:36 GMT",The Road Forward to Value Creation in Consumer Products    Bain & Company,consumer_investment,2026-06-22T02:57:31.568015+00:00
Atom XVII launches Rs 75 crore consumer-focused fund to invest in early-stage brands - ET Retail,https://news.google.com/rss/articles/CBMipgJBVV95cUxPMHFYSVB4bHhmTmpDNExNV2NqU2t4YUhiUGgzZFRjRmdlUE1ydkJyZnA2ZnYzc1p6ZTJUNXQ1YzJwSjMtbzNUeDRUdHpOZ1Y1aHNyZ2swS0dxSWNQc3A2VU5WUEVmMHdTaHJvZVNqWWdHWnByY0dBVXZXNHVmd25jd29HVzlYRGlnUXk3Tl8wNDhUREJrSGRTbHR2WEt0VFFFeVEwZ01aanBOOFZFc1pIcmtpTGlhZXdXRWdWTC0yQW54VjVWbjFBaWNQQS1JLUhBSDhvenFib0lPY0Rkd3JMOWFTYThNTkZ1TUx5ZFhaNHNTS2xub3lCNEhZaFQxVnR3VWJZV00ya19zZnpyd1FsWGZRVS0zYjJfc2FJZ1pUalN2bG5iZkE?oc=5,"Thu, 18 Jun 2026 07:07:20 GMT",Atom XVII launches Rs 75 crore consumer-focused fund to invest in early-stage brands    ET Retail,consumer_investment,2026-06-22T02:57:31.568015+00:00
Atom XVII Launches $75 Cr AIF to Back Early-Stage Consumer Brands in India - outlookbusiness.com,https://news.google.com/rss/articles/CBMiuAFBVV95cUxOU2Y4elNjcEM3YkFFUWdyV2JDTVZURGI3RkplZUdpVzBnQ3JHVElzanpKM21uV1lMZHNTaWxGMGVJVml5MXhiUXF5YUVqR3VPOC1JQnFNbi1EM0ltcFdYSU82QWlhOFhCcV83SC13RmJfazJjeTVLQ2RVTU5McEVlOTFlRmRDbnJnTlFkUlE2OG40RnJ4OWYwX2hzMHpSZW0tX1dBRWVFdm1OX1FSUk9wRlZRRTNyNmx50gHGAUFVX3lxTE5yLTkxMHVfX3FYQXRja2traUJIcTZFeUVVVjhFTTBvajRnSlR1NFhWSjlicmVvQ25fZTVIU05qUGg5LUZOb21LQWZyTkV4RGw0cVo4aHJ1UUZRWFVIUHJXb3lVcXRtTWdYRTM5XzNKZFVmTzFoQkpfRDlwSHZxQlp6M2FPTlRrTkpqS2JaTWVBY3IxejBtejE4dF9xSm5VUlNQRmk3bHJiOGtxRzZDaHc3czJxSEFmaWJ6SEdZU3MxSVpmbDZ2dw?oc=5,"Wed, 17 Jun 2026 12:36:42 GMT",Atom XVII Launches $75 Cr AIF to Back Early-Stage Consumer Brands in India    outlookbusiness.com,consumer_investment,2026-06-22T02:57:31.568015+00:00
"RIL AGM 2026: Isha Ambani announces Rs 30,000 crore investment in AI-powered food parks - Storyboard18",https://news.google.com/rss/articles/CBMi1AFBVV95cUxPTW5XdGVWQ3NVSm9vQThiZDRlRjZncnV6bTRubXU5ME5uNHl6akhMeUdaSGhrV002VXZRQzdkVWdWUVR6M1lzeE8zNU1WbEQ1S3FvTXhvNU5kZ1R2b19ONHV4SHpWRUp4Vnd0MkxKbDBVVEZyRmVZMU9Pb20ycmgxTG5jOHUyV2swVURtem02Qm1KVFMtVno3d0tTME51a2pqaXFvdnRsY2JGNGp5WC1qbUNSTFpLazR1Y2txT0tiSGVpa2x1aTRvVFRVV096MGtCQ05hNNIB2gFBVV95cUxNcG8xSFJXY0lRN0lrM0tqYzFOa1V6WFVjQlB4OUlXMzhBWGFGNTRuM2dVUHczMVk3cEY2bF91ckctdkJXbHU1a1lBWGlHazZxTmJfM0hheTlQNkFvU1NoaWFBaWpTY3MzRUJqR01MaVRmZTFWSVFmazFidnRqYzRLVG5aTkU3ZHRDODR2ZHNVVXZVZS1zTV91QkFMOVZ4ZEh2M0k5Um9vVFVlXzJEQml1WDV2SnlUTndUSVcyX0dXU09oMHlWdnJIeUYtY0NnbTlDSHNHUTZUTEhadw?oc=5,"Fri, 19 Jun 2026 10:04:36 GMT","RIL AGM 2026: Isha Ambani announces Rs 30,000 crore investment in AI-powered food parks    Storyboard18",consumer_investment,2026-06-22T02:57:31.568015+00:00
Consumer - 2026 Market & Investments Trends - Tracxn,https://news.google.com/rss/articles/CBMiiwFBVV95cUxOXy1RNnQ0QlV6ZjZUX3pZcGZnekdaMzBadzIwQWhBNTMxQU85MnZodUsxYldkcUhiNHI3WDBfRm9RSFp4VE96UmU0dmVOQXBIeG80THVGUW9Iem1DZlRFX2FUMW9DRXZYUmpvYXBKM3hybWw5YUpsVWtmY0NaN0k4Uy1DXzVhUHJsYVl3?oc=5,"Thu, 04 Jun 2026 21:52:42 GMT",Consumer - 2026 Market & Investments Trends    Tracxn,consumer_investment,2026-06-22T02:57:31.568015+00:00
Consumer discretionary sector: Investing in companies that make life a bit sweeter - Britannica,https://news.google.com/rss/articles/CBMib0FVX3lxTE42Vmh4NnFaOFlmeEVXSjkzaXctZHVXYjhlZkJfQ0h5enBVSE92NDJyVDNjbGV4aHRPSUxlV2p3di1ySGViMDFEZER4cWNlRnp2VGxuTVRzVTVyWXZ1b3NfaUI2WVVvRVZtQnV2bWwxdw?oc=5,"Thu, 11 Jun 2026 07:00:00 GMT",Consumer discretionary sector: Investing in companies that make life a bit sweeter    Britannica,consumer_investment,2026-06-22T02:57:31.568015+00:00
Best Consumer Discretionary Stocks for 2026 and How to Invest in Them - The Motley Fool,https://news.google.com/rss/articles/CBMiigFBVV95cUxOWmE1RHgzUnZIRV9NNVI3NWJsaGYzcGNLakJ2Zy0yUHF6Q2dEOTRaUU0xQzJkaUpaWFhOYWNuQ3hvX2ZNTXgzejVVempSbk9xOEd6bVZiTEp0d2tVWHF0OFpSOWQ3aEhnaDJzLUZVMmRiN3REd3dXajNteFpMRzVfeEZ6dUxwS2p0ZFE?oc=5,"Sat, 13 Jun 2026 07:00:00 GMT",Best Consumer Discretionary Stocks for 2026 and How to Invest in Them    The Motley Fool,consumer_investment,2026-06-22T02:57:31.568015+00:00
European Consumers Are Still Cutting Back - Boston Consulting Group,https://news.google.com/rss/articles/CBMihgFBVV95cUxNWkxubUxhcnM0WDg2YlpDQzU4SUVOZ1R3QTVadC1nM1JYaUtLVk1uXzNXOGNzeF9nVWVQSFM5eURHVU9WQ0ZOb2NWZmtQSHBGdVBLZTBKSnNYY0l4OFRSYnVNb3A3RkhPenJfck1SVmQ5Qm1ZRmV5a1R5OHZqRFNlMGU1OHh3Zw?oc=5,"Tue, 09 Jun 2026 07:00:00 GMT",European Consumers Are Still Cutting Back    Boston Consulting Group,consumer_investment,2026-06-22T02:57:31.568015+00:00
Eileen Secures Strategic Investment From DisPact Ventures To Expand Retail Execution Platform - Pulse 2.0,https://news.google.com/rss/articles/CBMiswFBVV95cUxPNUZNbXJEcjZXdlNDMkNWWjdsZTJ3bTBPVFhFQjRUd3pITklSRUZtN3FoTTZTMVp0UktkSlZwVEhWX05KdDdMdGFtRml6ajBKcU4zLURLQ2hqQW5ZQ2xjLWFCR04zVG41TFJBdTItcDFHQUJia3lZQy1HdlJnY2stS2VIQ0JrYUwyOVg5ZWhOWlFDblo1VUZYdnVYLVNWcXBHV29aZkdHOElQSjR3REJVWWRmc9IBuAFBVV95cUxQR0VOV1dJbzlNdnVYZk9CLU05TGZBTXpTNHZXQ3Q4Y0N0dzFBb3U5XzNFOUxVNjVla0JSR3Y5bWRBSTlIWnFpMGluYTZVRTdZQThfQ0VmZjhFcXFvdnVNMjJHR21TU2pzT2xlaUNDaC1PQ0M2cW5pOE0xUU1MYUFnakRIb1pYWGVMWVpjWjJIazVMVEtHZy1nU0N4b2JsbG90WVM3dUpMcW4zSDRVRTZDTjJpcnQyVmEx?oc=5,"Tue, 16 Jun 2026 18:36:59 GMT",Eileen Secures Strategic Investment From DisPact Ventures To Expand Retail Execution Platform    Pulse 2.0,consumer_investment,2026-06-22T02:57:31.568015+00:00
"K Hospitality Corp Unveils Kliff Ventures, an INR 200 Crore Consumer Investment Platform - Soul Of Hospitality",https://news.google.com/rss/articles/CBMi2gFBVV95cUxOcS04LWtyZkdoU0stVlQ1LXRtNWhSUUxaVy15TG5WdDhtY2pkRWdOTEZxRnZ2cUl5enF6WFpGVEpIV2YtREdoVmFPczQ4aUZSZFh5bzQxM0lsT25idUMzbzI0RkhtZC1FRVZITzk4aFgtcjRUeFl1QkNmc1FYSTBxcUhjd29fZEhoRENaTWtGOExtWDBXaGp5V3BXNzlPZ1N3ZGhRdm9fbnp0X0x0MTA4REJGVlpldzl5VGh1QTlrTmZHeE9xdzM0bS1Eak5Ob2RROW9ieENPakR4Zw?oc=5,"Sun, 31 May 2026 07:00:00 GMT","K Hospitality Corp Unveils Kliff Ventures, an INR 200 Crore Consumer Investment Platform    Soul Of Hospitality",consumer_investment,2026-06-22T02:57:31.568015+00:00
ConsumerX Ventures Debuts Rs 150 Cr AIF To Back Early-Stage Consumer Brands - BW Businessworld,https://news.google.com/rss/articles/CBMiuwFBVV95cUxNbjVaYng1V0o0Z3NSN21MbmRZRDlST1ljbE9xdHVuZFdrdnBQMjVlVk9jTllscVJYejhSNHU4eUUwaC1QU2d4dUVqeFBFM1pxTVV5bk9PYVRSRmFtdTRMNll4NTNMc0s3VHFhU3dqQjRSQlJvYVRTTEEtNXZ6dHZCOTJCUy01QzRwbXdvcXdTdXBXaHNwRVp6TkUwWWZpZUFmS0JJV2g5S1BWYXk3UGVYWmp6VGlDcF9kMUpJ?oc=5,"Tue, 02 Jun 2026 07:00:00 GMT",ConsumerX Ventures Debuts Rs 150 Cr AIF To Back Early-Stage Consumer Brands    BW Businessworld,consumer_investment,2026-06-22T02:57:31.568015+00:00
"Tata Consumer Products to Participate in Six Investor Conferences Between May 26 and June 08, 2026 - scanx.trade",https://news.google.com/rss/articles/CBMi6gFBVV95cUxNSFBza0pjYUJyRG5rZmlzT3NfOEFGb3MxcmxoeDlZTlZZZW1Ha3hkVWdTeEJya2JETF9SLU9mMXk3cmxMaGY3eU5kVmg3dGVHNUY0Uk85TlpEQVphQjhPa2JHOE45c2RiaERBQlZ5NzFtcGdheXEwak8taW51QTdoUWYtV3NXdTBlV2dnbGU2VTRjWl9YRktyLTl6YklZTk5YWkZnc3RGRW9PbmlMWDN1d3Q1TXUxRXRJUkhfbUI4WC02eHg1ZjUxakU3bXhleVVVNVB5NmowYzU3ZFdyUHl0T0ZrNWFQVmVSeUE?oc=5,"Mon, 08 Jun 2026 07:00:00 GMT","Tata Consumer Products to Participate in Six Investor Conferences Between May 26 and June 08, 2026    scanx.trade",consumer_investment,2026-06-22T02:57:31.568015+00:00
Franchise Opportunity Alert: 6 Consumer Brands Scaling Aggressively Across India in 2026 - FranchiseTV - Indian Retailer,https://news.google.com/rss/articles/CBMi1gFBVV95cUxOWnNYQndVckY5OXcyTHNtMlRnZXNzMXV6TE4wS1lrSXpXdm9JZWJTcThKakFvb0lFUHhzck5QcFhDS0I2Qk9BUVpPUDNZMlQ0WlpFbTR5SHktaXc5YUxIczFpVHhibWt3Tm55YlpYUTZOcExrVGxBaXRuR2tqUUQ2YmNBbDFocVdGLWNoZ3gzUG9IamR4WWZKZU8wU21fakY1bU1vSDFWV0E5eXpKbTRyYzdOLTUtcnVVaVNJem1hYlV1TGdXVFBJVXFST3d2RjdCNkd3WEVn?oc=5,"Mon, 01 Jun 2026 07:00:00 GMT",Franchise Opportunity Alert: 6 Consumer Brands Scaling Aggressively Across India in 2026 - FranchiseTV    Indian Retailer,consumer_investment,2026-06-22T02:57:31.568015+00:00
SHOPLINE Partners with Trozo to Help Consumer Brands Accelerate AI-Driven Growth - Indian Startup Times,https://news.google.com/rss/articles/CBMivgFBVV95cUxNZW11dkllRXBnQXZ6WTRRT0dEM2VhOUNCeGozaFhvYVlIdmtUeXQzRWtFaTFjVy1IbnBZajBObjRRWWVSQUVqYkQ1N2Qzejd5ekNBQW1aejZoN1A1OU9DaW02Zl9ZUjlVLWUyR3phZlRsNmI5X0ctaHkxYWtJRkktZ1NHUVgtazBXMFNSY0NpN0xESGd5YmRFd0hsYkU2ay1iLXJNUXhKeU5QdWR6X3pRNDQ0ZkxaS0pRYTlYVVNR?oc=5,"Thu, 11 Jun 2026 13:18:12 GMT",SHOPLINE Partners with Trozo to Help Consumer Brands Accelerate AI-Driven Growth    Indian Startup Times,consumer_investment,2026-06-22T02:57:31.568015+00:00
ConsumerX Ventures launches Rs 150 cr fund to back India’s next-gen of consumer brands - ET Retail,https://news.google.com/rss/articles/CBMi-AFBVV95cUxPWHZiUS1MQWFwWmdDcmJBUkw3R0FKNmhKaXdTZFhLUmZOUmlqR3RMd19QTVVFclhaeG00MTQ2aU9sN0xkQlloclNqWFRCaTdXVkgxSVRlXzUyUmVoaVQzRDFjWEtTUXZ2UkNmcUEzUEFJdTdMUW1LWGkxc25rRE5xWThUb2ZnZktxNTdvTE1tbmJqMW1lSGg4ZG5adGJQQnRXSkpTZzZTS0MtMTlJQWFWS284REEyejRHVklNUklqbnAzM3ZoU3dscEM5bklmZUpfNVM2QlpudjdjWWQyQ3NIcnV6d2VFSnpnQ3g4RkVkbFp0REUtMnJkNw?oc=5,"Mon, 01 Jun 2026 07:00:00 GMT",ConsumerX Ventures launches Rs 150 cr fund to back India’s next-gen of consumer brands    ET Retail,consumer_investment,2026-06-22T02:57:31.568015+00:00
"K Hospitality Corp launches Kliff Ventures, a consumer retail fund for high-growth brands - ET Hospitality",https://news.google.com/rss/articles/CBMijwJBVV95cUxQV3dUajBOQ3pCdXliV2Q2aVZ2OGJtaDRONDFXVkZ2RnhFbVdFZXltdlFVSnZRQS0xdjlFQTltRmliUFdnQ0hfbm1LXzkwSUk1RURVanZhSkd0UEN5T2ZaeHF4UVVmamdNNC1aU1BjTDdBbUdGQTlTMEp4eW4xdXdXekpLYzRtYkRkRmtUX1RvblJKV2ljcC05QXpESUwwemV0NEhtY0x6UFlndHdkU1NXQUI3UHRzVTllNDZ3TklKR0hESjhHQkZOUV9jd1lRRnA0cE9oZWQ3M2daMFJYcnZpT1FXSk84MXFHNjVVX1lpeGxjdk92WDR3V0hya1J6SEtjb2pVaHZLOTg4TUg1TFI00gGUAkFVX3lxTE5pMkRxcUlUR1RSUzNNYWNwS29ZSnJNY1Vabl9odXgyLWF6clZabW82ZFlFaWRMaEZKa3Vrenk1T0cwVW50bjNVUzlrTFpUc0dGWHBMUjdvREtQQ1BuVWdFczhfQ242TzhKQWpJaGpKYXV1MWYtY1lKOVZ1WEozdjNnZmRJcFFkeEVSWXR4X3kyRjJ5VC14a1NpUTdvVEduVnVtLUIzRjZYbWd6OTY4MGpqN0lyYS02c281elNGaDNDMHNyZHhQVG5LY0N6MGloaVd1WEswVnVsTm5wMXM5WERILWxqeDcwVzE4cm1kbEtPVWpkOGNhbEZwT050bEg2Z1lHbURhRjJJc0lQbjQwMWFxWjY3NQ?oc=5,"Mon, 25 May 2026 07:00:00 GMT","K Hospitality Corp launches Kliff Ventures, a consumer retail fund for high-growth brands    ET Hospitality",consumer_investment,2026-06-22T02:57:31.568015+00:00
Spectrum Brands Stock - Sunday background on a diversified consumer portfolio - AD HOC NEWS,https://news.google.com/rss/articles/CBMiwgFBVV95cUxNV2c0TGJ6MHpqcXd0cS1RaHJiUVpUMVdlQS1kOTUxcTNpVWNpR25VdHhEUFZzTXpFeXhyQmZ3ZkV5QUVqdUtoYVN2enRRQnh1S09tSVhlelBoYkxKbFc5RzByNTVHNzVaOVJuM2s5dEhhenVDYmg5OXRMaWhHS2ZjM2NtN2FGQ0NwWjZYY1A2WWlaLXQyUzRGUy0xS2VFSXZvTFEydGtyTWExV0MyZ2dhZldnS0lHQW95LXdBR2FFaXlDQQ?oc=5,"Sun, 21 Jun 2026 19:30:08 GMT",Spectrum Brands Stock - Sunday background on a diversified consumer portfolio    AD HOC NEWS,consumer_investment,2026-06-22T02:57:31.568015+00:00
Eileen Secures Strategic Investment from DisPact Ventures to Scale Retail Execution Platform - The AI Journal,https://news.google.com/rss/articles/CBMiswFBVV95cUxOeEF2NmdfTWJfcDVJb3pGcmhzaU9YYVZ3REpZZUJEYlFfdG41NHBIUWJuYXZqX0I4RW5haUZTS19tR2pkUmpPOFdyLXh5NEdfM2VzdzNYZjlnQ2t2VVBPQzQ0cU9lQkwxR3lvenZ5NThlMElIbVRLYjJLbXp5UmZiVnFYY19XdGFsNzJ0TjB6akpKWFFOcjZObjQybmRzdGhOT1BubDFuOVhRNHE2ajRCVHZfQQ?oc=5,"Tue, 16 Jun 2026 13:43:30 GMT",Eileen Secures Strategic Investment from DisPact Ventures to Scale Retail Execution Platform    The AI Journal,consumer_investment,2026-06-22T02:57:31.568015+00:00
Research reveals gap between AI ambition and customer engagement readiness across retail and consumer campaigns - Campaign Brief,https://news.google.com/rss/articles/CBMi1AFBVV95cUxNRDNQYV9JcEtkOVp5d1V1eWxWdGFFeEt1T3hFbVloemsyZWtaUG95ZC04bjBhSmMxZTlKRU81V29CN1J5Uzh0cXNIMU0yUVhxR3QwaGN1S3kyUEJuaHpZcWotYVh0Z2xsemUzeTRjZVZBWnUtWDd0WlhqNVl5MW1hRVlQU25aMU02RnpsQzl6OXZRUmJZTG9NWk4zdlQyem5zT01NWEJNeW1nR0FXQl9zZ3BYcFZXZlNrUzlQUjZ3OE50bDNUM1JPdzA0UTZneXpTU3F2Sw?oc=5,"Fri, 12 Jun 2026 00:00:09 GMT",Research reveals gap between AI ambition and customer engagement readiness across retail and consumer campaigns    Campaign Brief,consumer_investment,2026-06-22T02:57:31.568015+00:00
Best E-Commerce Stocks for 2026 and How to Invest in Them - The Motley Fool,https://news.google.com/rss/articles/CBMiqgFBVV95cUxOTEI4QnRLcGx5clhSclVTU2wxRTVFZW9UZGlVMlZTV3kwb294WU1lN21BdFNGUGNFQzNaOGR5WnpjM0dpSEpVWTJrUk1weFBhOHdFeWZoeFgxYy1kdGVmVUJCaUZPdTdZVG9UUFRoQktEYzlWaUc3MFQ0dHR0R0ZlbWlNejhfVzZwakF6VF8tX2U0cU5UVENnYzBObmQ0azdaSEgxT2lkOHlGUQ?oc=5,"Wed, 17 Jun 2026 17:44:00 GMT",Best E-Commerce Stocks for 2026 and How to Invest in Them    The Motley Fool,consumer_investment,2026-06-22T02:57:31.568015+00:00
"Small cap Watch: Biotech, gold explorers and consumer brands deliver key updates - Proactive financial news",https://news.google.com/rss/articles/CBMi4wFBVV95cUxNNEc5dVgzNzkydlVkcnFJV29VU3ZlRjZlQ01mWlhiZTduSlFGaVhBTFNnQ0lSNUI4a3pCcnd0SjBDSENUTEZNWDVvZXJ3eXVURTFNc2tDWWpuS09YX1k1TXA1Nmo5Y2ZiWUpJbHhjM25jOHhaZ212MXhheXZNOUJaZVpqMW5JNHk3SXVUVmFyVHdSUEtFOWlUNzRLdmluOXRTc0gyOHZ3Y1VMdzJYVlNEUHN5ZVZySlZ5R2FXR0szUXhWMlVHdVBpU2hpbVVmelZKcGozdVBlck1UZ1NjaGZWVWtLTQ?oc=5,"Tue, 02 Jun 2026 07:00:00 GMT","Small cap Watch: Biotech, gold explorers and consumer brands deliver key updates    Proactive financial news",consumer_investment,2026-06-22T02:57:31.568015+00:00
"Amazon's success has become an excuse for countless loss-making business models, says star fund manager Anish Tawakley - TradingView",https://news.google.com/rss/articles/CBMijAJBVV95cUxOdFlTUmNBckwxQmh1NVdPQzdTMW04bVV5RDVlZFRVakxNYTN3RTJhbTJFTWlndVdjbXBFdlltWG5aRVdmekdvdlJCOEdWVjRTSVpheFJMdHZWbDlSVmVSRW9FQnJ2NGlPUmxkeVptN2h0TFUzWDFOTklXSk12QTVDZExDeVVCdkZWVjd3dS13X2tIMHBfSXRiYXViTGpRVXlNdXdrVDFvbnlJaTViT3BMLTlrRml5MWFlTnVqbTRFUW5VUjJRWVkxdXdZQTZxSTRPS3ZqWllQbjNnUkdjWnJXUktheTFSdnlhQURzX0xHZnAwWUcxUTEtWlAtejZpdGQwT0IwaDJEVlZxc29j?oc=5,"Fri, 29 May 2026 07:00:00 GMT","Amazon's success has become an excuse for countless loss-making business models, says star fund manager Anish Tawakley    TradingView",consumer_investment,2026-06-22T02:57:31.568015+00:00
Bella Hadid’s ‘Ôrəbella Closes Growth Equity Investment Led by Silas Capital - BeBeez International,https://news.google.com/rss/articles/CBMirgFBVV95cUxQYWNxQ0prTmFJR2VKQzNMaXItZEZjRmp1R1IybjVFZC1kYWEzaE1jM1BfSnNubFNzSHIwa2E3NUs4Z2xEOXhWbmNBWTB4MTBEcDF2Sy11ZGVWbkFKS1ZwdG92VVJ0OWVqNjdQdFFnQXZOdG1VYmpuSlRNNzc4VXN3OXNacEozZElLVkJieV9EVWtyekZzRWVTdzNhZFQwNmRubmFpbkhvS2dEbVlUUWc?oc=5,"Mon, 01 Jun 2026 12:11:04 GMT",Bella Hadid’s ‘Ôrəbella Closes Growth Equity Investment Led by Silas Capital    BeBeez International,consumer_investment,2026-06-22T02:57:31.568015+00:00
GT Voice: Acquisitions by Chinese corporate brands signify growing confidence - Global Times,https://news.google.com/rss/articles/CBMiYkFVX3lxTFBZdUE3QWwtZTBMRVBCajVGb2lMdTJxdmowTFlHY2hYWmZTaHJqcFp3VVBPTmJIVDZldjN2aTJ3RGxDakhYY0haZUxjcUFueDdSZkp4dmh1VGIwRFY5ZDh5UnB3?oc=5,"Sun, 24 May 2026 07:00:00 GMT",GT Voice: Acquisitions by Chinese corporate brands signify growing confidence    Global Times,consumer_investment,2026-06-22T02:57:31.568015+00:00
Tata Consumer Products Stock (INE192A01025): valuation and fundamentals in focus for FMCG investor f - AD HOC NEWS,https://news.google.com/rss/articles/CBMiygFBVV95cUxNMUxIN084XzZDVFlFZUNwZlhHMlJXbkZzeUZkelhzWUpOMEJ0WUs3d3VkS2ZPOWFQUkp4NFZGY3ZNZDlqemNvYi1SVHhFUzAwRDBkVVo0V1ROa25abHM5S1RBc250X0twM0l4MlE4N2tpaEVacmUtRThQVVhQb2drSGw5UGVKTF8zU3A3QWRmTk5ZeUYtbnNxRW1feWE0bUVmS3ItX2ZlRFBZZ1JFaDkxQnF0WE5RTjd3QXhnaEJfSHNrNTVLVzFNbnpR?oc=5,"Mon, 15 Jun 2026 18:14:33 GMT",Tata Consumer Products Stock (INE192A01025): valuation and fundamentals in focus for FMCG investor f    AD HOC NEWS,consumer_investment,2026-06-22T02:57:31.568015+00:00
Samyang Holdings Corp stock (KR7000070003): Mixed trading as Korean consumer brands stay in focus - AD HOC NEWS,https://news.google.com/rss/articles/CBMiwAFBVV95cUxQRlFEcERpZjZBNk9RZHB6MVVjNkl2dnNpZGg0TXUzWjJIb01xT1dwYlBPenNWbEpkd1N0VkhOQmNWdmxveGl0b2RFOXhxS042RUN4NkFZTnlTTU5SeXdhX3IyV3RTM2hNbzBKUjkwUmNHSzgxanJXSExJdV9oSDBidkl3aW1MRWRxZFY2VGNEWEpKS0owYmJSWEFTODRZbTJXbkFXbTZ0TnF3REpFSzdNbEtSdm1UZXZ1dUhoMWVFQzM?oc=5,"Mon, 08 Jun 2026 12:41:18 GMT",Samyang Holdings Corp stock (KR7000070003): Mixed trading as Korean consumer brands stay in focus    AD HOC NEWS,consumer_investment,2026-06-22T02:57:31.568015+00:00
Top 7 Consumer Staples Stocks: June 2026 - NerdWallet,https://news.google.com/rss/articles/CBMidEFVX3lxTE1mcjJKMHdDT0RWUmtVTDM4VmhrYi1GcUV5WlAyQUEyb0dCT0xZOTQ1bV9CQkg5cWZzU0NVbjBiOFh6TWhOTmkxaVR5eHdoWnNSRkN1bldHWFJCUFhMcnRkQ2ctS0h5NFpBdVlvTm5hdHpORnFy?oc=5,"Mon, 01 Jun 2026 07:00:00 GMT",Top 7 Consumer Staples Stocks: June 2026    NerdWallet,consumer_investment,2026-06-22T02:57:31.568015+00:00
"As companies' investment and consumer sentiment improved, the turnover rate of checking deposits use.. - 매일경제",https://news.google.com/rss/articles/CBMiUkFVX3lxTFBsbWo4aGkwQWtnRERmc2YwaVhteWtINUowM1M2c0lPRGRCYjZZa05WZ3F3X0ZtQTBXbGlOYUZfSjl5T0VBSTZGSm5vcWg0ejVGZlE?oc=5,"Wed, 17 Jun 2026 01:17:04 GMT","As companies' investment and consumer sentiment improved, the turnover rate of checking deposits use..    매일경제",consumer_investment,2026-06-22T02:57:31.568015+00:00
AptarGroup Inc stock (US0383361039): focus on packaging innovation after latest quarterly results - AD HOC NEWS,https://news.google.com/rss/articles/CBMixwFBVV95cUxPWUNSamFrbGJTVmdDQkg4WGtJQWhWQ1NmR2tOUlpxR2E2d0hjaXNxTjY0ZkJkMG81dHpGV0xLM0dHYTdYYUtDc2NmWVRtdDlucXZwYjllbU05T2NWM1B1NHlSWF94Y1FXUllqbnhLOGsxUjRjNU42QWNqbEZid01URFQ1ZkNNT0pPV1ZnMkUtU0R4cWs3U0dhMFJrT2xrTlNVYVdiZzlEakZfTUZSdGplZU40cGhnNXc0SEE2MHZOMFcwc3hRYWFZ?oc=5,"Tue, 09 Jun 2026 15:00:02 GMT",AptarGroup Inc stock (US0383361039): focus on packaging innovation after latest quarterly results    AD HOC NEWS,consumer_investment,2026-06-22T02:57:31.568015+00:00
Will Constellation Brands’ (STZ) New McDonald’s CMO Director Reframe Its Consumer Brand Playbook? - Yahoo Finance,https://news.google.com/rss/articles/CBMipAFBVV95cUxOeUdPTzlTRmo3VEJPR0ZCWVZWLUV6RDhSaDVGZWswX3B6ei1pNW8xS25HX1hfWG1lLVpibm1YRkQwNTV2TWVjbnhfTEUyU2hBdFBDMl9raGk3SUVZYTYtN2UzWElyM0h3aDg1V1VvYXJDUGthSTJERVhoOTVIUi1GQUNEVlNxdlFzRmpCZ2lXc3pTU2NzRm1VbG5nRWU2V3UxVTRrcw?oc=5,"Sat, 23 May 2026 07:00:00 GMT",Will Constellation Brands’ (STZ) New McDonald’s CMO Director Reframe Its Consumer Brand Playbook?    Yahoo Finance,consumer_investment,2026-06-22T02:57:31.568015+00:00
Newell Brands Inc stock (US66765N1063): Turnaround plan meets volatile share price - AD HOC NEWS,https://news.google.com/rss/articles/CBMixAFBVV95cUxOaDF5LWZUWXNpRUJZLWg0bTNYaUpTbFJ0c2E3bC1aMGVBWndpaVV5VGRhODBHWUZVSExkaUdNaWl3QkZ5OFZ0SWdSd2RKcXhwZ0UweUF1Z09GSUo4UG1fYTNWd3RCZm14OWNNWEJyUEQyb3F2aDhRUjlTZHpzZ01ibjdjNzZFdm9KZ0xjbkNxczBtck9MeU10NDdMb2FSSzhHZE5xX0FmMHZCMmo3R0kzT3ZaUjVXZUtPaDR2ZERvemRMeUFI?oc=5,"Mon, 08 Jun 2026 07:00:00 GMT",Newell Brands Inc stock (US66765N1063): Turnaround plan meets volatile share price    AD HOC NEWS,consumer_investment,2026-06-22T02:57:31.568015+00:00
ASEAN’s Consumer Boom: A $5 Trillion Growth Story in the Making - Beansprout,https://news.google.com/rss/articles/CBMid0FVX3lxTE9NbHlZRjdzM1lRZ0t6dUlSbENaMDM2blNYX2ZNZV9WUFhWdDFMTmdFRWM3VDRoLTQ1VFdkTk1pb1kwOGtaZEFqWDZmZFYxQzBxVHVvSk9jZUlGdjZLNHp5VHA1djNCR2JlRXJxd1JtUzFpajhJcUQ4?oc=5,"Fri, 29 May 2026 07:00:00 GMT",ASEAN’s Consumer Boom: A $5 Trillion Growth Story in the Making    Beansprout,consumer_investment,2026-06-22T02:57:31.568015+00:00
Henkel AG & Co. KGaA (Vz.) Stock (DE0006048432): Consumer and industrial player in focus as investor - AD HOC NEWS,https://news.google.com/rss/articles/CBMitgFBVV95cUxPRkFpd0htM18xYWhqM29LbG1SWWlmekdCUGw5TDgyNXhmLXNVTlhDMkcyLVBOTklPcDEtaDc2LUEwSjIwLTBGZXVhQ2VXRGV1Z053STQyTG1wYm9fQjV4bGxNTkdqQTRORURNaTlXWWs5V0Vpd1pJRm9GVU9tWkxzRE9UbHhiM3Qzdnd6R3VvZTJhSU56R3BVaTFYczRrZ2hGY1dMTTBWcmhtekJwanJpd3BQNlpQUQ?oc=5,"Sun, 14 Jun 2026 18:50:09 GMT",Henkel AG & Co. KGaA (Vz.) Stock (DE0006048432): Consumer and industrial player in focus as investor    AD HOC NEWS,consumer_investment,2026-06-22T02:57:31.568015+00:00
Tata Consumer Products stock (INE192A01025): shares edge higher on NSE as investors track FMCG deman - AD HOC NEWS,https://news.google.com/rss/articles/CBMiyAFBVV95cUxNdmZja3VwM09OanZJWjYtaGEtVVFKYTM1R3hCR1pvYzRqNlhUOU85RzIwWVRWWmVpVWcwQV9wRzBkeURvc0tjS1VoaXpqTE9PUzlpRVdGNUdENmJTZGRYYVlPY3ZXdGVycTRvcHVycFZBRExtZVBBb3lxV3dQRGZrejBDZzdpcFdmNktJbExPb08yTHZqbjVwcHdwNzFHX2pJLUN5WDVYWHZ4d1F6ZWh1V0psVmhoaVp2WXVNNDQyQ0tGeklreVB1TQ?oc=5,"Tue, 02 Jun 2026 07:00:00 GMT",Tata Consumer Products stock (INE192A01025): shares edge higher on NSE as investors track FMCG deman    AD HOC NEWS,consumer_investment,2026-06-22T02:57:31.568015+00:00
Gordon Brothers Acquires British Handbag Brand Radley for Global Expansion Push - citybiz,https://news.google.com/rss/articles/CBMiugFBVV95cUxONDhiMjFodTlEYTlOWkQycnVFOVBvN0w3NDZmQnVUcVJLRlhJSVVtYU82UzlpYTFXNi02MWZLdnB4N0V5amRCbnN5cVdJY1VEQlhTZjVPNXJHbXozd1BUdjRSOFZmdllWbjZhRDJQZlkzMVNwN2lMemhqcVg2dEI4eWZ2bkdDbzAyUDlJSUgyd01yUHRIMzNsNTBsQkpQTEVHMHVaZ0cwZXdacE1UTUhjazJodGVxOXJJNUE?oc=5,"Tue, 26 May 2026 07:00:00 GMT",Gordon Brothers Acquires British Handbag Brand Radley for Global Expansion Push    citybiz,consumer_investment,2026-06-22T02:57:31.568015+00:00
Beiersdorf AG Stock (DE0005200000): Valuation metrics in focus for consumer staples name - AD HOC NEWS,https://news.google.com/rss/articles/CBMivwFBVV95cUxPV1dfMVBoSkZNNnJBRzNZUFRCNEZfV0ExekMwVHdubmFFV25mZFJPajBPSmRtQzBMam5ETnNMZDRGTGMyZ25Kc3hNZmdOMlJ1Z3piU3VST1VFNmxab2YzdXdzdkF6UEo3SHFFSUQza0FEdmFXbEstck5RbkFZd2xoWmlCaTdZaHZva2lTbldLRDRKLUNkajg3cXhheXF4bFVVQlRmQ1JGb1BMTjZyR3RhSUZ3X2Y3aDVqakp6TEpybw?oc=5,"Sat, 13 Jun 2026 20:43:09 GMT",Beiersdorf AG Stock (DE0005200000): Valuation metrics in focus for consumer staples name    AD HOC NEWS,consumer_investment,2026-06-22T02:57:31.568015+00:00
Exclusive | New Fund Backed by LVMH and Top Pro Athletes Invests in Activewear Brand - WSJ,https://news.google.com/rss/articles/CBMitwFBVV95cUxPS3VNeGxWUmVGSkdLa1BkdklMWmJ1a1YtclI2SjZibk9pYVBiZ1F6ejBpQThld2V6VHJscFFvVjdiYUdlWFR0bzVjdmk1LWowYkRCQjJzSWZqNmRwOV9saUZHTlRTTGlydTlRNGNSUnlTVGJSTHRQLVk3X2tsVG9oNVVuMk5ZbkNSRlA3WG5SYW5aU3dLdWd2M0VMc1R3Tlpncy1sV012LXFWTFdCV1ZQdlR4TDl1b1E?oc=5,"Mon, 15 Jun 2026 11:00:00 GMT",Exclusive | New Fund Backed by LVMH and Top Pro Athletes Invests in Activewear Brand    WSJ,consumer_investment,2026-06-22T02:57:31.568015+00:00
Stars + Honey Secures Growth Equity Investment Led by VMG Partners to Accelerate National Expansion - Business Wire,https://news.google.com/rss/articles/CBMi6gFBVV95cUxNU1VNc2NyM2xjR04xZ294TTN6d0hVWVNkQWJ6Wnkwb3c1S2FNNjJEMEc5dE9MM3JiY3VqNG0xOWpQR3k1b3IyRzhHRFIyVElmNkgzcHB1cGtPUElzRlJZZlNHNk1lSnFqLURweFM4ZnZpVnYwblJpQXBPeGs0NlN0SWJPNmZ6REZ0TUtnMlVmek5DbFEyZmpPNzR3NzNra3ZzWnczQUlNUGlBeXRTaFNJcmlCQ0Qwdk9QQzdxWDBBd0RSMVZ6NjVKNk5Xa0VxWlpjd2NWZTNVTElSLXRra283VU1oV1JobktET0E?oc=5,"Tue, 09 Jun 2026 07:00:00 GMT",Stars + Honey Secures Growth Equity Investment Led by VMG Partners to Accelerate National Expansion    Business Wire,consumer_investment,2026-06-22T02:57:31.568015+00:00
Unilever PLC (ADR) stock (GB00B10RZP78): dividend focus and consumer brands under scrutiny - AD HOC NEWS,https://news.google.com/rss/articles/CBMivwFBVV95cUxQRGprYVNneHRlU3dDWTh2UDRSSXFHYnZNS215N1AyX19DelNPOW41RXNIQlh1SzhYUXJKNzVPOEVMRWFQZnhFdDdyRG9qSVVvQXFrdjJ6Z0tZRWV1Q1FwS2otYVB3Y25odmhpdkMtc21uZl9MelA5OF9ENjZYbllOdm9sQnRkZnM1ZU9DRGpXYnJNZERFRDd2WWN5d2xOamlRRV9uU1dXUVZBNVU5eUtuUXh6blR3RTd1ZXRHRXpTVQ?oc=5,"Mon, 08 Jun 2026 07:00:00 GMT",Unilever PLC (ADR) stock (GB00B10RZP78): dividend focus and consumer brands under scrutiny    AD HOC NEWS,consumer_investment,2026-06-22T02:57:31.568015+00:00
GLOBAL CONSUMER RWA SUMMIT 2026 Successfully Held at Hong Kong Science Park - Taiwan News,https://news.google.com/rss/articles/CBMiVEFVX3lxTE5KR2I4QWdIcTBtWTh5NGdYa2F3YVR2dDJIckFRd0tSQ3pIMnMwUHpjYjA0VmtMN0xGcFdzQ1dTOTEwLTBkS0RRS296VTAwLWhIUXBaWQ?oc=5,"Wed, 17 Jun 2026 02:40:00 GMT",GLOBAL CONSUMER RWA SUMMIT 2026 Successfully Held at Hong Kong Science Park    Taiwan News,consumer_investment,2026-06-22T02:57:31.568015+00:00
Atom XVII Launches ₹75 Cr Fund for Indian Consumer Startups - Whalesbook,https://news.google.com/rss/articles/CBMi3wFBVV95cUxNU1FLUkJRQTNOMkZ3aktPRnVkdi1mNkZVYmpJMjdGREsyODB6bDBjLVFFOUtQRk1xcEhsNUp5YnB2Z0pDV0VmQTRvWGhWVnFUM0x0WHExTEkwbVVfZTNIUEM2d0FVcExzSnZHZ2NDTEVfME9WY05Vc29LaVVoZzlZQWxORUVla1lWR205d21aaldRdTB0LTRTUU1LZmNPUXQxOUhrNFNSN20zMkdScDI1WGlRUEtyVE5aMEVQeEhmVnRacUpZU29WdGxXOVFVUUJ0eGVuM2duMVJTeVFFWHY0?oc=5,"Wed, 17 Jun 2026 11:46:23 GMT",Atom XVII Launches ₹75 Cr Fund for Indian Consumer Startups    Whalesbook,consumer_investment,2026-06-22T02:57:31.568015+00:00
Beyond The Ad: How Brands Are Changing Sports Marketing - Whalesbook,https://news.google.com/rss/articles/CBMi2wFBVV95cUxPdUZxeldWODJvVzJwYVNMVGxJUzA1RHh0MlhaUjhhaGpzMV9JNnJxanhLTFRiQkVwRVkzekRSVFdzcjhCdkZLc25qajFabGptS0d2VEtEUWZUbHZxXzh1dWpnLUxVc0NkaTN6UjMtX0R6NlVxQ1F1ejdraHNjbTAzQ2t0STMzU2x6Y2VRMXlZckRXN3JvQUNhMHM3ekFCakVpN3FVaThhU0k5akIycF9ndl9aY21TSnRzbENYVHEzZmF0eWw2VjVKVk9GSVRTRFplV0U4MjhLRDdLb0k?oc=5,"Wed, 17 Jun 2026 08:18:33 GMT",Beyond The Ad: How Brands Are Changing Sports Marketing    Whalesbook,consumer_investment,2026-06-22T02:57:31.568015+00:00
"Top Startup News Today: Strong Momentum Across Deeptech, Space, Healthtech and Consumer Brands - TICE News",https://news.google.com/rss/articles/CBMi0gFBVV95cUxPLVZLSVBKanEtR19RMlV0SEV5Y01LdjZTWURibVpVT2s3ZFJrZmpZek9sLUFETFN5bmdjU1dvWjB2dDRHUWdjNV9naTVhTjFBNW8xa1llOE9UWDU2bUxFY0I0a2Z4MHFGZzVmVDJBaWhHVkxDVXdUeEZIVUdUVGdyYUNOcTBQZExYOW1XaHUtQ0dnaE15WE1FSXBKaHVVbExmdEhrNUhyWHp2cldoeTNrUGdPdWdmZWtNVzA3MElRWE5UWGJMOGx2NUtVUEF5bldfLVHSAdIBQVVfeXFMTy1WS0lQSmpxLUdfUTJVdEhFeWNNS3Y2U1lEYm1aVU9rN2RSa2ZqWXpPbC1BRExTeW5nY1NXb1owdnQ0R1FnYzVfZ2k1YU4xQTVvMWtZZThPVFg1Nm1MRWNCNGtmeDBxRmc1ZlQyQWloR1ZMQ1V3VHhGSFVHVFRncmFDTnEwUGRMWDltV2h1LUNHZ2hNeVhNRUlwSmh1VWxMZnRIazVIclh6dnJXaHkza1BnT3VnZmVrTVcwNzBJUVhOVFhiTDhsdjVLVVBBeW5XXy1R?oc=5,"Fri, 12 Jun 2026 06:24:22 GMT","Top Startup News Today: Strong Momentum Across Deeptech, Space, Healthtech and Consumer Brands    TICE News",consumer_investment,2026-06-22T02:57:31.568015+00:00
Indian deep-tech to see funding surge amid sovereign push: Celesta’s Viswanathan,https://www.livemint.com/companies/news/indian-deep-tech-to-see-funding-surge-amid-sovereign-push-celesta-s-viswanathan-11782036944376.html,"Mon, 22 Jun 2026 05:59:50 +0530","Sovereign investment avenues have gained prominence over the past 12 months amid rising geopolitical tensions. US government’s move to restrict access to Anthropic’s latest frontier models has sparked debate in India on the need to build domestic capabilities in AI, other critical technologies.",livemint,2026-06-22T02:57:35.039815+00:00
SBI looks to monetize home loan pools to boost credit as deposits lag,https://www.livemint.com/companies/news/sbi-home-loan-securitization-chairman-setty-interview-banks-credit-deposit-11782027739813.html,"Mon, 22 Jun 2026 05:45:50 +0530","India's securitization market is relatively small, of which retail home loans account for an even tinier share. While experts do see the proposal being far from easy to implement, the bellwether's move in this direction is seen significantly lifting sentiment in the securitization market.",livemint,2026-06-22T02:57:35.039815+00:00
Tata Agratas inks $530-million EV battery supply pact with JLR,https://www.livemint.com/companies/news/tata-agratas-inks-530-million-ev-battery-supply-pact-with-jlr-11782026301614.html,"Mon, 22 Jun 2026 05:30:50 +0530",The related-party transaction is expected to help Agratas generate about $42 million ( ₹400 crore) in revenue in FY27.,livemint,2026-06-22T02:57:35.039815+00:00
"CCPA fines Storia Foods, Mrs Bectors  ₹1 lakh each over ‘100%’ claims",https://www.livemint.com/companies/ccpa-fines-storia-foods-mrs-bectors-rs-1-lakh-each-over-misleading-100-claims-11782040293856.html,"Sun, 21 Jun 2026 20:03:31 +0530","The CCPA also directs both companies to immediately discontinue the disputed claims from product packaging, websites and digital platforms.",livemint,2026-06-22T02:57:35.039815+00:00
Zypp Electric aims to double its valuation in a $40-50 million pre-IPO round,https://www.livemint.com/companies/start-ups/zypp-electric-ipo-fundraising-valuation-pre-ipo-funding-ev-as-a-service-11782032496965.html,"Sun, 21 Jun 2026 18:38:15 +0530",Zypp Electric was last valued at approximately $331 million as of March 2025,livemint,2026-06-22T02:57:35.039815+00:00
CS Setty says SBI deserves a better valuation. The market is starting to agree.,https://www.livemint.com/companies/news/why-sbi-deserves-a-better-valuation-11782036427413.html,"Sun, 21 Jun 2026 16:59:51 +0530","Investors are finally beginning to recognise SBI’s transformation, SBI Chairman CS Setty agrees.",livemint,2026-06-22T02:57:35.039815+00:00
"Bharat Taxi eyes 55-60 smaller cities, puts bikes and autos at centre of growth",https://www.livemint.com/companies/bharat-taxi-expands-to-smaller-cities-uber-rapido-11782029275980.html,"Sun, 21 Jun 2026 15:41:27 +0530","The platform said its focus on smaller cities aligns with its goal of democratising mobility in regions where transport options remain limited. Unlike profit-driven ride-hailing platforms, Bharat Taxi believes its zero-commission model enables sustainable operations.",livemint,2026-06-22T02:57:35.039815+00:00
Mint Explainer| Why Delhivery's homegrown maps matter for e-commerce,https://www.livemint.com/companies/news/why-delhivery-homegrown-maps-matter-for-e-commerce-ai-native-mapping-platform-india-logistics-11782024330846.html,"Sun, 21 Jun 2026 13:14:00 +0530","Delhivery Maps, which was developed to power Delhivery’s own operations, will now be made available to enterprises, developers, and gig-economy companies as a commercial product. Why does this matter for e-commerce?",livemint,2026-06-22T02:57:35.039815+00:00
"Beyond Holiday Inn: IHG sees luxury brands, franchises as growth drivers",https://www.livemint.com/companies/news/holiday-inn-ihg-hotels-luxury-brands-crowne-plaza-adani-airport-11782014655997.html,"Sun, 21 Jun 2026 11:42:56 +0530","IHG Hotels plans to grow from 52 current hotels to 400 by 2030, driven by infrastructure and owner confidence in the hospitality sector.",livemint,2026-06-22T02:57:35.039815+00:00
Cabin crew error costs Japan Airlines CEO 30% salary cut — But it's not new to Japanese corporates,https://www.livemint.com/companies/news/cabin-crew-error-costs-japan-airlines-ceo-mitsuko-tottori-30-salary-cut-but-its-not-new-to-japanese-corporates-11781959630334.html,"Sat, 20 Jun 2026 19:48:22 +0530",Docking a CEO's salary to show accountability for an employee's mistake is a standard practice in Japanese corporate culture,livemint,2026-06-22T02:57:35.039815+00:00
"Ubisoft's Claude Guillemot, 69, dies after twin-engine plane bursts into flames in France- What we know",https://www.livemint.com/companies/people/ubisoft-co-founder-claude-guillemot-69-dies-as-twin-engine-plane-bursts-into-flames-in-france-near-la-baule-11781960644559.html,"Sat, 20 Jun 2026 18:44:25 +0530","Claude Guillemot, 69, one of five brothers who co-founded video game giant Ubisoft in 1986, has died after a light aircraft he owned crashed and caught fire near La Baule in western France on 19 June. A flight instructor also perished in the accident.",livemint,2026-06-22T02:57:35.039815+00:00
"Amazon &amp; Walmart among America's biggest companies that earned $2.1 trillion last year, employing fewer people than ever",https://www.livemint.com/companies/news/ai-impact-layoffs-fortune-500-2026-record-profits-job-losses-headcount-decline-amazon-walmart-and-united-health-11781950677985.html,"Sat, 20 Jun 2026 17:15:41 +0530","The 2026 Fortune 500 posted record revenue of $21 trillion and profit of $2.1 trillion, yet headcount fell by 301,049 jobs.",livemint,2026-06-22T02:57:35.039815+00:00
"Nvidia, Micron, Broadcom have cheap valuations despite big gains, and one Google decision could explain why",https://www.livemint.com/companies/news/ai-stock-valuations-warning-sign-data-center-slowdown-sevens-report-openai-chatgpt-claude-chatgpt-xai-google-deepmind-11781948029650.html,"Sat, 20 Jun 2026 15:27:23 +0530","Sevens Report founder Tom Essaye says cheap valuations on AI stocks such as Nvidia, Micron and Broadcom may signal a data centre slowdown.",livemint,2026-06-22T02:57:35.039815+00:00
"Google DeepMind loses Nobel laureate John Jumper to Anthropic, its third senior researcher to depart in as many months",https://www.livemint.com/companies/news/john-jumper-google-deepmind-anthropic-alphafold-nobel-prize-claude-11781946065413.html,"Sat, 20 Jun 2026 14:48:30 +0530","Nobel laureate John Jumper departs Google DeepMind for Anthropic, the latest scientist to join the AI start-up amid a Silicon Valley talent race.",livemint,2026-06-22T02:57:35.039815+00:00
"Nipun Aggarwal, Vinod Kannan emerge as frontrunners to lead Air India after Wilson's early exit; final decision pending",https://www.livemint.com/companies/news/nipun-aggarwal-vinod-kannan-emerge-as-frontrunners-to-lead-air-india-after-wilsons-early-exit-final-decision-pending-11781941458087.html,"Sat, 20 Jun 2026 13:25:19 +0530","As Air India looks to replace CEO Campbell Wilson, two frontrunners, Nipun Aggarwal and Vinod Kannan, have emerged; however, a final decision is pending. According to reports, whoever will take charge will inherit an airline that has been seeing troubled times and is grappled with challenges",livemint,2026-06-22T02:57:35.039815+00:00
Tata Consumer targets 17% Ebitda margin in 3 years via overhaul of distribution model,https://www.livemint.com/companies/news/tata-consumer-products-ebitda-margin-distribution-overhaul-fmcg-quick-commerce-general-trade-11781851429170.html,"Sat, 20 Jun 2026 06:01:09 +0530","Tata Consumer Products is strategizing to improve margins, currently at 13.9%, by enhancing distribution channels and leveraging quick commerce growth. Recent acquisitions have boosted its entry into food services and pharmacy sectors.",livemint,2026-06-22T02:57:35.039815+00:00
Why Orkla wants to change Eastern’s sales model after five years,https://www.livemint.com/companies/news/orkla-india-eastern-condiments-sales-network-spices-sanjay-sharma-11781854638780.html,"Sat, 20 Jun 2026 06:00:29 +0530",Orkla's move comes after years spent understanding a business whose strengths were deeply tied to Kerala's unique retail landscape,livemint,2026-06-22T02:57:35.039815+00:00
G.S.K. Velu’s Maxivision eyes west India push ahead of listing next year,https://www.livemint.com/companies/news/gsk-velu-maxivision-eyes-west-india-push-ahead-of-listing-next-year-neuberg-maxivision-trivitron-11781862755072.html,"Sat, 20 Jun 2026 05:35:49 +0530","Diagnostic chain Neuberg Diagnostics—where Velu serves as chairman—is likely to be the first to list, followed by Maxivision Eye Hospitals and then medtech firm Trivitron Healthcare, where he is chairman and managing director.",livemint,2026-06-22T02:57:35.039815+00:00
"OpenAI wants to transform healthcare—and this Indian researcher, Karan Singhal, is at the helm",https://www.livemint.com/companies/people/openai-wants-to-transform-healthcare-and-this-indian-researcher-karan-singhal-is-at-the-helm-11781885145558.html,"Fri, 19 Jun 2026 22:05:22 +0530","OpenAI is investing heavily in healthcare as millions increasingly turn to ChatGPT for medical and wellness advice. Leading that effort is Karan Singhal, a former Google researcher who says the company's latest AI models are being designed to deliver better health guidance.",livemint,2026-06-22T02:57:35.039815+00:00
Kunal Shah’s Cred scales biometric UPI users to near 10 million,https://www.livemint.com/companies/news/cred-clocks-nearly-10-million-biometric-auth-users-in-payments-push-11781876319379.html,"Fri, 19 Jun 2026 21:21:04 +0530","The milestone comes as Cred looks to widen the use of its payments products beyond credit card bill payments. Previous media reports indicated Cred had about 13 million monthly active users in June 2024, while its monthly transacting users rose 14.5% to 12.6 million in FY25.",livemint,2026-06-22T02:57:35.039815+00:00
"Succession at Reliance nearly complete, Mukesh Ambani, 69, says at shareholders meeting",https://www.livemint.com/companies/mukeshambanisignalsnearcompleteleadershiptransitionrelianceagm2026-11781878201562.html,"Fri, 19 Jun 2026 20:37:36 +0530","While Akash, Isha and Anant lead individual business verticals, they are simultaneously working towards the holistic growth of everything under the Reliance ecosystem, Mukesh Ambani said at the RIL AGM. 'They are three bodies, one soul. Their soul is Reliance. One single indivisible Reliance.'",livemint,2026-06-22T02:57:35.039815+00:00
"Silicon Valley, sovereign funds and Ambani sit tight on their Jio stake in potential  ₹35,000 crore offer",https://www.livemint.com/companies/news/silicon-valley-sovereign-funds-and-ambani-sit-tight-on-their-jio-stake-in-potential-35-000-crore-ipo-offer-11781872330334.html,"Fri, 19 Jun 2026 20:27:24 +0530","Jio Platforms has opted for a fully fresh issue, with existing shareholders including Meta, Google, sovereign wealth funds and private equity investors not selling stock in the proposed listing.",livemint,2026-06-22T02:57:35.039815+00:00
"This 28-year-old quit law, cleared her student debt and built a  ₹38.5 crore business selling stickers",https://www.livemint.com/companies/people/this-28-year-old-quit-law-cleared-her-student-debt-and-built-a-38-5-crore-business-selling-stickers-11781877987424.html,"Fri, 19 Jun 2026 20:25:39 +0530","What started as a side hustle selling hand-painted canvases on Etsy eventually helped a 28-year-old entrepreneur pay off more than $75,000 in student debt. Despite earning a law degree from Duke University, Elyse chose to pursue her art business full-time.",livemint,2026-06-22T02:57:35.039815+00:00
₹4 crore from selling 3D-printed fidget toys! A teacher quit her job to build a business with her dad - Here's her story,https://www.livemint.com/companies/people/4-crore-from-selling-3d-printed-fidget-toys-a-teacher-quit-her-job-to-build-a-business-with-her-dad-heres-her-story-11781876585965.html,"Fri, 19 Jun 2026 20:18:04 +0530","Victoria Essie Studio, founded by Victoria Baumann and her father, has tapped into the fidget toy market, generating $428,000 in revenue in 2025. And these toys are not just for kids.",livemint,2026-06-22T02:57:35.039815+00:00
"Jio eyes $230 billion global opportunity with 5G, feature phone tech",https://www.livemint.com/companies/news/jio-platforms-eyes-230-billion-global-opportunity-with-5g-feature-phone-tech-ipo-11781877096715.html,"Fri, 19 Jun 2026 20:04:50 +0530","Jio Platforms is eyeing a $230 billion global opportunity by exporting its 5G stack, fixed wireless access tech and feature phone OS to international telecom operators. The company plans entry via partnerships, licensing and managed services rather than direct operations.",livemint,2026-06-22T02:57:35.039815+00:00
Akash Ambani and team prepare Jio for a historic market debut,https://www.livemint.com/companies/akash-ambani-and-team-prepare-reliance-jio-for-a-historic-market-debut-11781871138780.html,"Fri, 19 Jun 2026 18:40:06 +0530","The Reliance Group company plans to raise funds through a primary issuance of 270 million equity shares, representing around 2.9% of its post-issue share capital, with proceeds earmarked largely for repayment or prepayment of outstanding borrowings worth  ₹27,500 crore.",livemint,2026-06-22T02:57:35.039815+00:00
Elon Musk’s SpaceX plans to tap debt markets to raise $20 billion after record IPO: Report,https://www.livemint.com/companies/news/elon-musk-s-spacex-plans-to-tap-debt-markets-to-raise-20-billion-after-record-ipo-11781870886834.html,"Fri, 19 Jun 2026 18:35:02 +0530",SpaceX plans to raise $20bn through a bond sale to repay a bridge loan taken after merging its AI start-up xAI and X with the rocket company. Details here.,livemint,2026-06-22T02:57:35.039815+00:00
Jio Platforms flags social media ban on minors as potential business risk,https://www.livemint.com/companies/jio-platforms-social-media-ban-on-minors-potential-business-risk-data-consumption-facebook-instagram-youtube-11781869309061.html,"Fri, 19 Jun 2026 18:22:22 +0530","According to estimates, Facebook had 403 million monthly active users in India, Instagram 481 million, and YouTube 500 million, making India one of the largest markets for social media globally",livemint,2026-06-22T02:57:35.039815+00:00
"Jio flags risks to Arpu growth, says tariff hikes may face user resistance",https://www.livemint.com/companies/news/jio-flags-limits-to-tariff-led-growth-as-it-files-for-ipo-11781869066383.html,"Fri, 19 Jun 2026 17:42:44 +0530","In its IPO filing, Jio Platforms sahigher tariffs could trigger customer churn, plan downgrades and competitive pressures even as it bets on 5G, AI and new connectivity technologies for growth.",livemint,2026-06-22T02:57:35.039815+00:00
IPO-bound Jio Platforms weighs satellite network to rival Starlink,https://www.livemint.com/companies/news/jio-sovereign-satellite-constellation-full-5g-migration-2030-ai-infrastructure-11781864523924.html,"Fri, 19 Jun 2026 16:47:44 +0530","The IPO-bound Jio Platforms is betting on satellite internet and artificial intelligence to drive its next phase of growth, even as Starlink preps for an India debut.",livemint,2026-06-22T02:57:35.039815+00:00
"Urban Harvest in talks to raise  ₹300 crore at  ₹1,500 crore valuation",https://www.livemint.com/companies/news/b2b-foodtech-startup-urban-harvest-in-advanced-talks-to-raise-300-crore-11781850174520.html,"Fri, 19 Jun 2026 13:37:01 +0530","The round is expected to include existing investors such as Info Edge, the family office of Mankind Pharma, and angel investor Sandeep Kapadia, among others.",livemint,2026-06-22T02:57:35.039815+00:00
Reliance AGM report card: Company missed these key targets set over the last five years,https://www.livemint.com/companies/news/reliance-agm-reliance-share-price-jio-ipo-mukesh-ambani-ril-gigafactories-india-11781845318977.html,"Fri, 19 Jun 2026 11:42:22 +0530","The announcements made at Reliance’s annual general meetings have a significant bearing on the company’s stock price, making a report card of how the company fared on its past targets crucial as investors gear up for another AGM on Friday",livemint,2026-06-22T02:57:35.039815+00:00
Telegram case: Delhi high court rejects plea challenging Centre's temporary ban on platform,https://www.livemint.com/companies/news/telegram-case-delhi-high-court-plea-centres-temporary-ban-messaging-platform-neetug-11781841381936.html,"Fri, 19 Jun 2026 10:36:50 +0530","Telegram had moved the Delhi high court requesting for an urgent hearing of the matter after the Centre blocked Telegram until 22 June under Section 69A of the Information Technology Act, citing concerns over exam-related paper leak networks.",livemint,2026-06-22T02:57:35.039815+00:00
HealthQuad looking at deeper opportunities in new age healthcare with its Fund III,https://www.livemint.com/companies/news/healthquad-announces-first-close-of-fund-iii-11781784097022.html,"Fri, 19 Jun 2026 06:00:47 +0530","The early growth investor sees a wider and deeper opportunity across new age healthcare models, as demand and the pipeline of entrepreneurs building stronger, lasting businesses continues to grow",livemint,2026-06-22T02:57:35.039815+00:00
Blue Sapphire promoter taps 360 ONE for private credit to buy out PE investors in AIMS,https://www.livemint.com/companies/news/aims-promoter-raises-rs-415-crore-private-credit-buyback-orbimed-bii-stake-11781761485572.html,"Fri, 19 Jun 2026 06:00:26 +0530",360 ONE-backed funding of  ₹415 crore helped Pandey family consolidate full ownership of Delhi-NCR hospital chain amid rising promoter-led buyouts in private credit market.,livemint,2026-06-22T02:57:35.039815+00:00
