title,url,published,summary,source_feed,ingested_at,relevance_decision,relevance_reason
GT Voice: Acquisitions by Chinese corporate brands signify growing confidence - Global Times,https://news.google.com/rss/articles/CBMiYkFVX3lxTFBZdUE3QWwtZTBMRVBCajVGb2lMdTJxdmowTFlHY2hYWmZTaHJqcFp3VVBPTmJIVDZldjN2aTJ3RGxDakhYY0haZUxjcUFueDdSZkp4dmh1VGIwRFY5ZDh5UnB3?oc=5,"Sun, 24 May 2026 07:00:00 GMT",GT Voice: Acquisitions by Chinese corporate brands signify growing confidence    Global Times,consumer_investment,2026-06-22T02:57:31.568015+00:00,RELEVANT,"uncertain: deal keyword matched, no FMCG keyword (possible off-sector deal, or FMCG company not on keyword list)"
"Top 6 Stocks That Went on a ₹90,000 Cr Acquisition Spree in the Last 5 Years - Trade Brains",https://news.google.com/rss/articles/CBMinwFBVV95cUxPQWlUaGllNThHWHYtT0hsOVdVR0FVd0lnNEpLcmNleVpzcDZ2NGhCalplS2lrTXRZa2RiU3h4aXRxdG9MMzBwa05GWUttaGxCRXh6dld2Rk51NUVaa3ZEZjNQTmtQOGIyVGQxNlpkNmlQUzE0dWhwQXA2V205OG1qNDhHb3hiWm04UmtCSkR4bW5MYjBlbkRZMmxEMWlSajg?oc=5,"Mon, 25 May 2026 07:00:00 GMT","Top 6 Stocks That Went on a ₹90,000 Cr Acquisition Spree in the Last 5 Years    Trade Brains",fmcg_acquisition,2026-06-22T02:57:26.857754+00:00,RELEVANT,"uncertain: deal keyword matched, no FMCG keyword (possible off-sector deal, or FMCG company not on keyword list)"
Gordon Brothers Acquires British Handbag Brand Radley for Global Expansion Push - citybiz,https://news.google.com/rss/articles/CBMiugFBVV95cUxONDhiMjFodTlEYTlOWkQycnVFOVBvN0w3NDZmQnVUcVJLRlhJSVVtYU82UzlpYTFXNi02MWZLdnB4N0V5amRCbnN5cVdJY1VEQlhTZjVPNXJHbXozd1BUdjRSOFZmdllWbjZhRDJQZlkzMVNwN2lMemhqcVg2dEI4eWZ2bkdDbzAyUDlJSUgyd01yUHRIMzNsNTBsQkpQTEVHMHVaZ0cwZXdacE1UTUhjazJodGVxOXJJNUE?oc=5,"Tue, 26 May 2026 07:00:00 GMT",Gordon Brothers Acquires British Handbag Brand Radley for Global Expansion Push    citybiz,consumer_investment,2026-06-22T02:57:31.568015+00:00,RELEVANT,"uncertain: deal keyword matched, no FMCG keyword (possible off-sector deal, or FMCG company not on keyword list)"
Heartland adds to sweetener portfolio with acquisition - Food Business News,https://news.google.com/rss/articles/CBMipAFBVV95cUxPTTNUYXAwRnRFMWNHZHI2dVhaLXh5VkV3SkdtYmh1S1JCR3luOTJaQWo1c05RZXFLUDBxZVkzOEtVUW42MmVaWDFwdlZhWXM0MnZUci1VU1Vha3FUaWJSWkhQVVdld1dEWE95ckFJY3JqWGVVNnJBX1VxOGd6b0lLY1hxNnpaUUJMMVhnaFZVRnQ1cHFidDJHekU3OTlZTENuUHJucg?oc=5,"Tue, 26 May 2026 07:00:00 GMT",Heartland adds to sweetener portfolio with acquisition    Food Business News,food_beverage_deals,2026-06-22T02:57:29.429937+00:00,RELEVANT,rule: deal keyword + FMCG keyword both matched
Ingredion proposes $5bn Tate & Lyle buyout - Food & Drink Business,https://news.google.com/rss/articles/CBMikgFBVV95cUxQaTVRb2g4OU1kODRzWjRlSlB3dEU5ak0wUUVfX2R0MzFscGVxYUt1M0VSbkk2M2VsZnFFZkVQczFFcnMtU3F0NDRjcmduWkhuQ29zRFMzY2t5YU5SYkRYTjUwVmRfNi0zNDI4UmVfNGVIcE1vYklET19heWhseE9XVlJHZzZnSTNFLW9UWFhOZVYwUQ?oc=5,"Tue, 26 May 2026 07:00:00 GMT",Ingredion proposes $5bn Tate & Lyle buyout    Food & Drink Business,food_beverage_deals,2026-06-22T02:57:29.431941+00:00,RELEVANT,rule: deal keyword + FMCG keyword both matched
Hewitt Foods set to acquire Nolan Meats - Food & Drink Business,https://news.google.com/rss/articles/CBMijAFBVV95cUxPZjdHcC0xLUxjQ3g2MTUxdHB0d3dPTEhrOURfM2lzTTdwMUtnaDJHWl9YQ2psMHBYTW5ZOXhYRlIyVExvaGk4SHZxTndybUVqSVBRU2ltMEhYWFMtZUI0TWI0bGw1OE5QUDQwdmdRRGlLTkQ3MTdFVjNHa2JXajVvN2YySlJoSkF5cHpkbA?oc=5,"Wed, 27 May 2026 06:47:27 GMT",Hewitt Foods set to acquire Nolan Meats    Food & Drink Business,food_beverage_deals,2026-06-22T02:57:29.431941+00:00,RELEVANT,rule: deal keyword + FMCG keyword both matched
Danone’s €1bn Huel bid sparks competition scrutiny - FoodNavigator.com,https://news.google.com/rss/articles/CBMiygFBVV95cUxQZmFpaUxiOHVrZmtrSmtNX3FIVngxVmw5NS0zVE84TUU2dzJ5MWNEVUZDRkxoc1I5d2x6ejdXSzhaNjB4U3owTnl1UHZ2dG9vYjg0Vjl3MkRhRUdHaHI0elNwbGZQQVpOY0I3eVNidDRpNE5kNzc2NWVaWG8teWtoV0NqcjAyaUtiZEs5dS02UG9sV21yWXNQYXBHTmhrNy10NHk2VEZNNG80dVB4T3dLYTZ0Q1RMMHVjWkZwbnJFbkxvcnZPWHd6U1hn?oc=5,"Thu, 28 May 2026 07:00:00 GMT",Danone’s €1bn Huel bid sparks competition scrutiny    FoodNavigator.com,food_beverage_deals,2026-06-22T02:57:29.431941+00:00,RELEVANT,"uncertain: FMCG keyword matched, no deal keyword (possible sector commentary, or unusually worded deal)"
US dealmaking weathers global M&A slowdown - Food Business News,https://news.google.com/rss/articles/CBMimgFBVV95cUxQcWFBT2x4LWh1NlVZNzgwQ2NtUmdGamg5X21YZXFFRUwzbllGMlRSaEpwWGZkSGYzMmdTaGdOd0lBRmhJcTc5V1RuUHNCOTF0a3Q3MG5lZFFRV2JVRDVacC1NREYybkpTdDhXSzJnVUZieWFxS1UwTV9TTjV2eUtpaFFyN3FIUUpOOUMxOUxNNlg2Zm5EQ3E5TXdn?oc=5,"Thu, 28 May 2026 07:00:00 GMT",US dealmaking weathers global M&A slowdown    Food Business News,food_beverage_deals,2026-06-22T02:57:29.429937+00:00,RELEVANT,"uncertain: FMCG keyword matched, no deal keyword (possible sector commentary, or unusually worded deal)"
"Reliance targets multifold FMCG growth by 2030 through acquisitions, expansion - BusinessLine",https://news.google.com/rss/articles/CBMi3AFBVV95cUxPVDE2S1dWVFljcGlfb2NJbW5LSVJPNG1TR1ZIby1YUlRQZGh0WkowaXUzSWxGZjZ3LUFWR3FTcG1KaE1URERYaU1yaFhOeTJaYm9jTXNBTjd6Ykpqc0hmLXpRRlc4VDQ0ekNNWWt4SzJGQ2NBWF8tc1NqdEh0bGJVZlRMRms5TmllNWJmQnRaeHlVdVBQZXRmUmtUNHlEYVFPOFU0UWRQcXRYVmxMRWU2Qkw5N3lCcy05WjlGWVl1ZmxQUGpSZzk3SGRsQWlhSGVua3JIOVNFY0RlTlRM0gHjAUFVX3lxTE55M1hrVjFCRlkyeWpwUzlYT0lGM1p4eURfNk80RGxtVjJCb2ZSR181TTJZVGUtNG1RcHhoejcyODZzVjAxSWZCcElWNEJvWDBoV21GOVl5bzZ3aGxRcXY4aHRmUmF6T3c5WjFycWhqOFVvMWRBVjVkMkRUTDRJcXc1bmVTOGQ0MV9nRFQzMko4dlZTM2NGZ2RKX1JDMW15azZvUlJ6XzRYLURXbFpncTlFdXJhUGc4cngwUHFTYU9fWHF2LWhPZkVIcWZhM0hzV3E0Z0pPQWVIV2tCbFZ2eVhUSXlB?oc=5,"Thu, 28 May 2026 07:00:00 GMT","Reliance targets multifold FMCG growth by 2030 through acquisitions, expansion    BusinessLine",fmcg_acquisition,2026-06-22T02:57:26.857754+00:00,RELEVANT,rule: deal keyword + FMCG keyword both matched
Sagtec Global Limited Acquires 40% Interest in Malaya Heritage Holding Limited to Expand F&B Technology Solutions in Malaysia - Quiver Quantitative,https://news.google.com/rss/articles/CBMi9AFBVV95cUxOMEh3cUxyS1JmNUlKbzBWY2ZVUGNKMlYtZlJuYXJfN0hUQUdtaWNWTG93ZHpKYmdueTd3UzFvaEdyZ1dTcjctVTVBRG1wSWhHSkdaYllqX3dtandBcU5paG9rQUtkcUtrYW96QklSM1FINVliZjdpdGljTVIxNzFpdVJxWmlac0h2ZF8ybktRenI5WlVUVkFCYnB2Zndia3FNaDc1ZTNaLWZib0dpUVNoejFPTmg0MUpqNzYyS0gxQ09Uem1Ycktya1BPTlV3NnVPalc0aW9UUHJyVmNiUnFLR0NQV0hfaTUxeXl5TFZmTTVwRExp?oc=5,"Fri, 29 May 2026 07:00:00 GMT",Sagtec Global Limited Acquires 40% Interest in Malaya Heritage Holding Limited to Expand F&B Technology Solutions in Malaysia    Quiver Quantitative,food_beverage_deals,2026-06-22T02:57:29.431941+00:00,RELEVANT,"uncertain: deal keyword matched, no FMCG keyword (possible off-sector deal, or FMCG company not on keyword list)"
"Alcoholic Beverages Market Size, Share & Trends | Report [2034] - Fortune Business Insights",https://news.google.com/rss/articles/CBMifkFVX3lxTE9qZ05PQWRMQTBON3pmQWhRT2htUDBRTU9LRmF4a2szd1Rybl9QeU9CTjhpSlQwbmxEM0tSUENaU2pBOUE5RHl6dHJHOUgtOThuSXBqWXV1ZDhEYjhjVnFsVW5BZDV4NXNSVXJvU3FNZV8ydURSUWNpQmkyMXJTQQ?oc=5,"Mon, 01 Jun 2026 07:00:00 GMT","Alcoholic Beverages Market Size, Share & Trends | Report [2034]    Fortune Business Insights",food_beverage_deals,2026-06-22T02:57:29.431941+00:00,RELEVANT,"uncertain: FMCG keyword matched, no deal keyword (possible sector commentary, or unusually worded deal)"
Protein Works acquired by world leading dairy company Lactalis - TheBusinessDesk.com,https://news.google.com/rss/articles/CBMiuAFBVV95cUxNMkh3MVZjNE1EM2lnTUgtSkFlNzdHRlBzSVBFVy1DRWlSZU5PemYyUXB4MHJNdTFKWld3ZkV0Vjc4cGt3N0h1dllMcTdvMTNIbnpoZDFoLXpLb2UxS29rTVh1RWpibGM4d0Z2RU80X1hlWWF1TGNtbjFROElSREdmQXBBLTlSMGpGU2ZyNzhQbk9FS3hUSmhFRUJXMzJRWVdIdUZ0YndpWVM3bjZnbHFxNC1lZWRrZEdM?oc=5,"Mon, 01 Jun 2026 07:00:00 GMT",Protein Works acquired by world leading dairy company Lactalis    TheBusinessDesk.com,fmcg_acquisition,2026-06-22T02:57:26.857754+00:00,RELEVANT,rule: deal keyword + FMCG keyword both matched
Arla Foods acquires DMK Group - Food & Drink Business,https://news.google.com/rss/articles/CBMif0FVX3lxTE91dHllTGNCRUQ0d1FFMUZJRWU0dUQyNVNXOWZTUGNjaUwwYklGMXVCWmp4cjh0X1E2SWRIdUxSeEd6anp0cmhJdzhlM3ZxQlRvaWVwVkZhOVIyd09UczdOWGdWTzlSa3E5eHJtQmhCTnBDc1FxVmxaUjEzVV9KV28?oc=5,"Mon, 01 Jun 2026 08:24:37 GMT",Arla Foods acquires DMK Group    Food & Drink Business,food_beverage_deals,2026-06-22T02:57:29.431941+00:00,RELEVANT,rule: deal keyword + FMCG keyword both matched
Bella Hadid’s ‘Ôrəbella Closes Growth Equity Investment Led by Silas Capital - BeBeez International,https://news.google.com/rss/articles/CBMirgFBVV95cUxQYWNxQ0prTmFJR2VKQzNMaXItZEZjRmp1R1IybjVFZC1kYWEzaE1jM1BfSnNubFNzSHIwa2E3NUs4Z2xEOXhWbmNBWTB4MTBEcDF2Sy11ZGVWbkFKS1ZwdG92VVJ0OWVqNjdQdFFnQXZOdG1VYmpuSlRNNzc4VXN3OXNacEozZElLVkJieV9EVWtyekZzRWVTdzNhZFQwNmRubmFpbkhvS2dEbVlUUWc?oc=5,"Mon, 01 Jun 2026 12:11:04 GMT",Bella Hadid’s ‘Ôrəbella Closes Growth Equity Investment Led by Silas Capital    BeBeez International,consumer_investment,2026-06-22T02:57:31.568015+00:00,RELEVANT,"uncertain: deal keyword matched, no FMCG keyword (possible off-sector deal, or FMCG company not on keyword list)"
Ingredion acquires Benicaros® -- a prebiotic fiber that supports immune health at extremely low daily dosage/intake - GlobeNewswire,https://news.google.com/rss/articles/CBMikAJBVV95cUxNWEhEaHdpX3ZjWTFJOWJrSkpiMnU2NG1Ja3lBQmx4ZGZ2THB6QmkwOVRuQTNRMHFjaHU0ZVJUMG5sMFNuQ3Zmdi0zUFdicTZqbUJaeWcyWGN4YV8tRDI5UTlIUTJZLUgySUNrOEZMcVpwcldNOURPb3JGUDBFTDREX0NEYS05d1hLWDNHM2RCWHFBYl94bzlBa1hrS01YcjIzMU9yOFFpa1hQY29FcGJENjlKT3BlMUZ0dnRaWFl3OUZWTWpuOEdwTW5ZLVBaRllKTVd6UjZ1cXc0NmprRUczeW1qWU9wR1BPaXluSFN4N2F1VFpwZzEzb2dac0ZrZkxRdEFHb2xFb0d0TnZYcTJRUw?oc=5,"Tue, 02 Jun 2026 07:00:00 GMT",Ingredion acquires Benicaros® -- a prebiotic fiber that supports immune health at extremely low daily dosage/intake    GlobeNewswire,food_beverage_deals,2026-06-22T02:57:29.429937+00:00,RELEVANT,"uncertain: deal keyword matched, no FMCG keyword (possible off-sector deal, or FMCG company not on keyword list)"
Tata Consumer Products stock (INE192A01025): shares edge higher on NSE as investors track FMCG deman - AD HOC NEWS,https://news.google.com/rss/articles/CBMiyAFBVV95cUxNdmZja3VwM09OanZJWjYtaGEtVVFKYTM1R3hCR1pvYzRqNlhUOU85RzIwWVRWWmVpVWcwQV9wRzBkeURvc0tjS1VoaXpqTE9PUzlpRVdGNUdENmJTZGRYYVlPY3ZXdGVycTRvcHVycFZBRExtZVBBb3lxV3dQRGZrejBDZzdpcFdmNktJbExPb08yTHZqbjVwcHdwNzFHX2pJLUN5WDVYWHZ4d1F6ZWh1V0psVmhoaVp2WXVNNDQyQ0tGeklreVB1TQ?oc=5,"Tue, 02 Jun 2026 07:00:00 GMT",Tata Consumer Products stock (INE192A01025): shares edge higher on NSE as investors track FMCG deman    AD HOC NEWS,consumer_investment,2026-06-22T02:57:31.568015+00:00,RELEVANT,"uncertain: FMCG keyword matched, no deal keyword (possible sector commentary, or unusually worded deal)"
Church & Dwight Acquires Messy Eater Brand - Consumer Goods Technology,https://news.google.com/rss/articles/CBMidEFVX3lxTE83czJVUEN4QnBiN1lsRHgtX0dta19rSFFHTDdMUEw1Ymw1OE9WN3JSbV9fMm1ZREdDRlhDeTR5di1Fb3ZIZXdjbEVNY1JoUFpiejRhU29uZFlxUjNySVJSTk9aNnN0b3p3Rm1rWDV4Q3ZQNzFM?oc=5,"Tue, 02 Jun 2026 07:00:00 GMT",Church & Dwight Acquires Messy Eater Brand    Consumer Goods Technology,fmcg_acquisition,2026-06-22T02:57:26.857754+00:00,RELEVANT,rule: deal keyword + FMCG keyword both matched
Emami completes acquisition of 59.69 per cent stake in IncNut Digital - Indian Television Dot Com,https://news.google.com/rss/articles/CBMipgFBVV95cUxPR1cteGlYS3YwaXliZnhIek9MSE9PRzhEOVo4R3dOR3JFeXFjZnRpYVZOY0l0Q19kdWI2N045bk5QV3ZmREtKaVpXR0JVeFNyWXVjd2FvM3I4WFdEal9JMlM2WGpaZFdLSHoxc0daQ2RwYmk4NmxZY01uY0RMZWpKRVQxTVM4UDNTQU5CYVdROHpuZUVwN0EyWXJmUUdwNVpoUmNLaHJ3?oc=5,"Tue, 02 Jun 2026 07:00:00 GMT",Emami completes acquisition of 59.69 per cent stake in IncNut Digital    Indian Television Dot Com,fmcg_acquisition,2026-06-22T02:57:26.857754+00:00,RELEVANT,rule: deal keyword + FMCG keyword both matched
"Emami completes IncNut acquisition, deepening bet on the personalised beauty boom - Storyboard18",https://news.google.com/rss/articles/CBMi0AFBVV95cUxPYW1lMVQyY1R0M29qd2NDWklMWDVVN0RmZ0EzcG51N0trZnhVOVpPLWxLY3dNMWN5YW9FUGFieWNxZkZmQlp6WG4yZmJJZ2FEaTRWYzROLVVselc1VUxlNEh3alNCRVd0c1JvamhwNHVxb2JPc2lseWxxOFFKekNyUDhteUlhUXdBb3ZrTVRNb0Q3c3RwdE14d0hfNk8xMVI4QzZhWkJpTXBEMG9TOHE2OXJHeUVYTVVyQ01Hb2tXSndYdUk3MnpLLUdLak1EekRs0gHWAUFVX3lxTFAtOTNjQ0pxNWliOEFJbXNRM2RIQzd1aUY3M1ViWFdiS3RmNjJ6RlNkUm5scGdYZnBhNFJ6Y3NJdTQ4U0k3YjI2SE5qQzFGY05GWjdXVEpFMzdSdURBN0Fjcmh5MExZN1ZLQkZJM2ctcVNqaVhWaVl5NjBwbFliSmoydWZvdmlmZzVTZVdQNlh5SXhBcVhrbjRkNHlhdTdFanJYcjQ0eDZYQ2JHcU15N0NZMktQTHY3Zi02UFhuUEM0WDVvMHg2VGtIcVZiTGNhUGJqZGNQa1E?oc=5,"Tue, 02 Jun 2026 07:00:00 GMT","Emami completes IncNut acquisition, deepening bet on the personalised beauty boom    Storyboard18",fmcg_acquisition,2026-06-22T02:57:26.857754+00:00,RELEVANT,rule: deal keyword + FMCG keyword both matched
"Invicium Expands 3PL Capabilities with Prepak Acquisition, Boosting Fulfilment Capacity for Growing Australian Businesses - Macau Business",https://news.google.com/rss/articles/CBMi4AFBVV95cUxPV0FoeWZGYjVyY29EOUtJSUF2Q050QUdaeEw0Q0ZaeEdpaUppcTNmOW5RcVRqSHJucmF5TUM1SENEVWRYZm96NDNnYWpIZmJaM05ZWU8za01oai02YkZ5SXFielZMbUl6cGFFbnlBVmExY0hBUzMzZXVoMzAzUEI5ZmdPc2MtSlQ2TnZObXg4MjAtMm1DdmJuMVIwTm5tRktfOU5HVHRCTXp4WHBBM0FNY1V3dzNmTHFLQVhLZlFEdzkzWG5xNE9BNkQ4bjRUVllDbERqWlEtU1dUTFZodVJEVQ?oc=5,"Tue, 02 Jun 2026 10:09:32 GMT","Invicium Expands 3PL Capabilities with Prepak Acquisition, Boosting Fulfilment Capacity for Growing Australian Businesses    Macau Business",fmcg_acquisition,2026-06-22T02:57:26.857754+00:00,RELEVANT,"uncertain: deal keyword matched, no FMCG keyword (possible off-sector deal, or FMCG company not on keyword list)"
Marico's Digital Pivot: Can D2C Acquisitions Replace Old Moats? - Whalesbook,https://news.google.com/rss/articles/CBMi2wFBVV95cUxOYTNDY0pheDRvS3g3ODd6WkdYVFR5WjZDWWkwSk9RN05CU3YwY2MwaTdiWXBiQzJ1Nkh1VkVfcnVFMW1acElkZTBWZUZHcTIxV0hvbWV2Q2R1cEd1dTI2X2lLTUVndjExaF9hc25NZ1pGdjAwb0F6SC03c3o2SmwtZDZYUkhheTdQX1I1dHlidHV1M3hTUHlXMm9TSHVlTEJIVk1haVNsaUJhX1R3RU5lVlFVOFNEdTU4VmcyR1htTllreng3Q3QwdHpodDhQY2Rod1ZoVERETGx4UzQ?oc=5,"Wed, 03 Jun 2026 07:00:00 GMT",Marico's Digital Pivot: Can D2C Acquisitions Replace Old Moats?    Whalesbook,fmcg_acquisition,2026-06-22T02:57:26.857754+00:00,RELEVANT,rule: deal keyword + FMCG keyword both matched
List of 26 Acquisitions by Danone (Jun 2026) - Tracxn,https://news.google.com/rss/articles/CBMipAFBVV95cUxQSUpFY2VJN2V0Y0QxdTFsMmFRbUh4Q2JjYnp6UWFBcHM5WVlISDVWX0huX05EWFo3cDJ1Z0Y3dmdLc3pYUUNkS1JzdTlOTXlTVFlPNUN5dUpTX01RMTFYR0RmUUxtNnRDcjJVRlhrSVZ4bFdKQV9IbnV6MGpNcUQ5UkVCa2FkekpTeFM4OEhHMWVWdS1HTFhKelVDcjl3RG41MzBwNg?oc=5,"Wed, 03 Jun 2026 07:00:00 GMT",List of 26 Acquisitions by Danone (Jun 2026)    Tracxn,food_beverage_deals,2026-06-22T02:57:29.429937+00:00,RELEVANT,"uncertain: deal keyword matched, no FMCG keyword (possible off-sector deal, or FMCG company not on keyword list)"
Nestlé snaps up smart food brand Yfood - BeverageDaily.com,https://news.google.com/rss/articles/CBMijAFBVV95cUxQbXVCOWlqUUZIaTFjZVZteXJsTHJVZHo1ZFBBbXFFc1lablpFZlNobXN2bUNYQU9LaHJ4YWt4Ti11ZWxtTEVTY1Fsd251THRwYWJ3WFJVN1BweTRibENqWVdOZkRod09RUFh6U1dxd081OS04VmgxZEVqVkJJR0RpZm9LOWRaalNGWWxEWA?oc=5,"Wed, 03 Jun 2026 07:00:00 GMT",Nestlé snaps up smart food brand Yfood    BeverageDaily.com,food_beverage_deals,2026-06-22T02:57:29.429937+00:00,RELEVANT,"uncertain: FMCG keyword matched, no deal keyword (possible sector commentary, or unusually worded deal)"
Ingredion strengthens functional fiber portfolio with Benicaros acquisition - NutraIngredients.com,https://news.google.com/rss/articles/CBMirAFBVV95cUxNRWtMc1BmT0ItSWFERDc3alZJemVCRHNiMkNydGREenNtMmZiSml2cFVkYjFhel9WdTBEdi1IM3pMSzZ6NnpVTm5mXzFNWVdkMWdFMTlTTTB6aEI3dFhMaUFyWUpYajVkUXNBM0htV2Z4OW1TZXp1Ymd5SFNzSUZHQzlKMXdPS1Uxbk16bTAwMk1xelQxeFZjNEZJZFAzVFAzbVJ5OTVZTmdhMi1i?oc=5,"Thu, 04 Jun 2026 07:00:00 GMT",Ingredion strengthens functional fiber portfolio with Benicaros acquisition    NutraIngredients.com,food_beverage_deals,2026-06-22T02:57:29.431941+00:00,RELEVANT,"uncertain: deal keyword matched, no FMCG keyword (possible off-sector deal, or FMCG company not on keyword list)"
Ingredion acquires upcycled prebiotic fiber amid $3.7 billion Tate & Lyle bid - FoodNavigator-USA.com,https://news.google.com/rss/articles/CBMixAFBVV95cUxQWS1LeVV2S2hGWHUtUVRlM0NZbFRnbXJoekJFZ2VMUXBJdEhHOFQxUk1UbE81dk5wRGpVZWZtLWl5c1pNcFE0R0RPc3lQVElGWlJUR1p0ZDRIRUt6VFRXSGluQkIwb0l3aGpDMjZXdzYzM3dTOG04VkNVT1lyendQMEZ0aU5KNTdNdEZqR2M0V0ZfSmxHWHNPdEd1ejBuNi0zWkVEN0FNbkNjaDdCeXVhRmJERFA5QU5GdG5Vb3NwQm00YWpi?oc=5,"Thu, 04 Jun 2026 13:24:58 GMT",Ingredion acquires upcycled prebiotic fiber amid $3.7 billion Tate & Lyle bid    FoodNavigator-USA.com,food_beverage_deals,2026-06-22T02:57:29.431941+00:00,RELEVANT,rule: deal keyword + FMCG keyword both matched
Consumer - 2026 Market & Investments Trends - Tracxn,https://news.google.com/rss/articles/CBMiiwFBVV95cUxOXy1RNnQ0QlV6ZjZUX3pZcGZnekdaMzBadzIwQWhBNTMxQU85MnZodUsxYldkcUhiNHI3WDBfRm9RSFp4VE96UmU0dmVOQXBIeG80THVGUW9Iem1DZlRFX2FUMW9DRXZYUmpvYXBKM3hybWw5YUpsVWtmY0NaN0k4Uy1DXzVhUHJsYVl3?oc=5,"Thu, 04 Jun 2026 21:52:42 GMT",Consumer - 2026 Market & Investments Trends    Tracxn,consumer_investment,2026-06-22T02:57:31.568015+00:00,RELEVANT,"uncertain: deal keyword matched, no FMCG keyword (possible off-sector deal, or FMCG company not on keyword list)"
"NCC, Bajaj Electricals, and 5 Other Stocks in Which Promoters Bought Stakes This Week - Trade Brains",https://news.google.com/rss/articles/CBMiqwFBVV95cUxOV3dwTXdhYWpIamN1ZlZxdTdPb2xLMHlzbldZcGZiRElzNzRVRFh2Mkp1X3lFcmpwVDJMZ1M2NUVWcHphdmJJajVPUVRTVTRTVHg1cXVpVGRVeDdaQ05MOVFYbE9PNEhaekdiZ0JidERUaXhNbHo5ZDJCRTJXTGx5dm5LZzNNSjlBd1NPLXNYaGZjM0UzazBoV0QtbGhPalVXLV9jUGJ6TFhNTjg?oc=5,"Fri, 05 Jun 2026 07:00:00 GMT","NCC, Bajaj Electricals, and 5 Other Stocks in Which Promoters Bought Stakes This Week    Trade Brains",fmcg_acquisition,2026-06-22T02:57:26.857754+00:00,RELEVANT,"uncertain: deal keyword matched, no FMCG keyword (possible off-sector deal, or FMCG company not on keyword list)"
Nestlé acquires full ownership of Yfood - Food Business Middle East & Africa,https://news.google.com/rss/articles/CBMifEFVX3lxTFAwdXFZUFRSczVZUTVEZ3NuSnFlZngyekJTYmhjdlZxWjU3ZG9ndFlvdUpQOXI2OVNUSTlra0E2Rnl2ci1FdWZRYTJqVzJnOGFObHJHR2k0aEtSeURfOTdTWjVaOHZ0eGZ6djZOYU9ZMnhyUmQxOVFRMms3MzE?oc=5,"Fri, 05 Jun 2026 07:00:00 GMT",Nestlé acquires full ownership of Yfood    Food Business Middle East & Africa,food_beverage_deals,2026-06-22T02:57:29.431941+00:00,RELEVANT,rule: deal keyword + FMCG keyword both matched
"Quick commerce ad revenue to hit ₹4,900 crore as FMCG funnel collapses - ET BrandEquity",https://news.google.com/rss/articles/CBMiwgFBVV95cUxNUVd5dHQ4ZWY1UFl1dm1lb2RHRmU0dXI4dWozcVJqeWc0WWxvX2NXRFhjOTJVVE9Ub19FTmM3UG0ycnBLVzZjYTd0OW5nV0lQcEp1bUNDZU5WUFEzZlE0ZjNIdDJQRUVHX2RKWFo2ZHUyVFBjb0FPNjlJemlqZWs5TThjbmdHdlQwS05yMlhXRVpOdlYzX1B0ZXZxcm9jLTl5VUN4Y0E4YWhlUWloUktwaTMwSEV0ZVZMVjd1aHdXaFlKUQ?oc=5,"Sat, 06 Jun 2026 07:00:00 GMT","Quick commerce ad revenue to hit ₹4,900 crore as FMCG funnel collapses    ET BrandEquity",fmcg_acquisition,2026-06-22T02:57:26.857754+00:00,RELEVANT,"uncertain: FMCG keyword matched, no deal keyword (possible sector commentary, or unusually worded deal)"
Historic British food company sold to US rival in major £2.7billion takeover deal - GB News,https://news.google.com/rss/articles/CBMickFVX3lxTE40MG5XQVFUXy13TGtUNUloMHc4dVVVajhaYXQ4c3lFWVdTaHRpdHA3X2c4eVZOTWVIOHpLckdUeHZ6Vl9ZYjZVU1ZBNGpSTUduM1BTdTV3dnlSb1pkTktzcFB2RXduUXM5X3YtRFZfN2RLUQ?oc=5,"Sun, 07 Jun 2026 07:00:00 GMT",Historic British food company sold to US rival in major £2.7billion takeover deal    GB News,food_beverage_deals,2026-06-22T02:57:29.431941+00:00,RELEVANT,rule: deal keyword + FMCG keyword both matched
"Tata Consumer Products to Participate in Six Investor Conferences Between May 26 and June 08, 2026 - scanx.trade",https://news.google.com/rss/articles/CBMi6gFBVV95cUxNSFBza0pjYUJyRG5rZmlzT3NfOEFGb3MxcmxoeDlZTlZZZW1Ha3hkVWdTeEJya2JETF9SLU9mMXk3cmxMaGY3eU5kVmg3dGVHNUY0Uk85TlpEQVphQjhPa2JHOE45c2RiaERBQlZ5NzFtcGdheXEwak8taW51QTdoUWYtV3NXdTBlV2dnbGU2VTRjWl9YRktyLTl6YklZTk5YWkZnc3RGRW9PbmlMWDN1d3Q1TXUxRXRJUkhfbUI4WC02eHg1ZjUxakU3bXhleVVVNVB5NmowYzU3ZFdyUHl0T0ZrNWFQVmVSeUE?oc=5,"Mon, 08 Jun 2026 07:00:00 GMT","Tata Consumer Products to Participate in Six Investor Conferences Between May 26 and June 08, 2026    scanx.trade",consumer_investment,2026-06-22T02:57:31.568015+00:00,RELEVANT,"uncertain: FMCG keyword matched, no deal keyword (possible sector commentary, or unusually worded deal)"
Ingredion Announces Recommended All-Cash Acquisition of Tate & Lyle - GlobeNewswire,https://news.google.com/rss/articles/CBMi0wFBVV95cUxNQ1RHQXN2a3dIRFJKYU0welhqSXk1ZWNZelVJdU93RlVsOTZ3cTRPNFBYTElrN3JFenJwc1RNOGx1azJNblh5MmpPeHprNENGUVVnVEpxcFBwRG5XVHF0UEtCR2hIeko1T01xLUxYaWFEODhCSDkwRkw0Zm9RdlVlWk9iekg1d3gwMWp4RnVXY3B3Q1lFTFBOQnJrNUNhZ3hZLXE3SW1aM1dhUXlqY25VZjRhYmFjdjU3Z2c1ZTNJdWJROXpCMVJiZTBPLXNFdnVyS3Fv?oc=5,"Mon, 08 Jun 2026 07:00:00 GMT",Ingredion Announces Recommended All-Cash Acquisition of Tate & Lyle    GlobeNewswire,food_beverage_deals,2026-06-22T02:57:29.429937+00:00,RELEVANT,"uncertain: deal keyword matched, no FMCG keyword (possible off-sector deal, or FMCG company not on keyword list)"
Sweet deal: Sugar giant Tate & Lyle agrees to £2.7bn US takeover - Aberdeen & Grampian Chamber of Commerce,https://news.google.com/rss/articles/CBMinAFBVV95cUxQYlk5S1RreEllUzlyUjlHVGVKQ3NURThXaGlveE9sMjREYUVmOUcySjBOQzBvV1BfUzZrN3BTVEtfRjNEOTlZWHducjkyTnBLN3J4UVZuQTJtRjFBaDVJY292eEZIQW5NOGJWeGFSMFdBaVBxOEZ4eWlGZEZvak9IMlgtLXlSR2NDZm40bWFHd1htR2FIVlNDR2wzY2w?oc=5,"Mon, 08 Jun 2026 07:00:00 GMT",Sweet deal: Sugar giant Tate & Lyle agrees to £2.7bn US takeover    Aberdeen & Grampian Chamber of Commerce,food_beverage_deals,2026-06-22T02:57:29.431941+00:00,RELEVANT,"uncertain: deal keyword matched, no FMCG keyword (possible off-sector deal, or FMCG company not on keyword list)"
Unilever PLC (ADR) stock (GB00B10RZP78): dividend focus and consumer brands under scrutiny - AD HOC NEWS,https://news.google.com/rss/articles/CBMivwFBVV95cUxQRGprYVNneHRlU3dDWTh2UDRSSXFHYnZNS215N1AyX19DelNPOW41RXNIQlh1SzhYUXJKNzVPOEVMRWFQZnhFdDdyRG9qSVVvQXFrdjJ6Z0tZRWV1Q1FwS2otYVB3Y25odmhpdkMtc21uZl9MelA5OF9ENjZYbllOdm9sQnRkZnM1ZU9DRGpXYnJNZERFRDd2WWN5d2xOamlRRV9uU1dXUVZBNVU5eUtuUXh6blR3RTd1ZXRHRXpTVQ?oc=5,"Mon, 08 Jun 2026 07:00:00 GMT",Unilever PLC (ADR) stock (GB00B10RZP78): dividend focus and consumer brands under scrutiny    AD HOC NEWS,consumer_investment,2026-06-22T02:57:31.568015+00:00,RELEVANT,"uncertain: FMCG keyword matched, no deal keyword (possible sector commentary, or unusually worded deal)"
Ingredion's $5B Buy Targets Demand for Healthier Food Ingredients - Powder & Bulk Solids,https://news.google.com/rss/articles/CBMioAFBVV95cUxOLW45ZXlLRnNtdkJEWWlPYjUwRTY1bXBFY1NNYUxBV0x4bjhHdjJNbXJKRi1uUzAwdnlybFQwWC05dExHUUVOYkloMGRDWTJObHBZaU5DRlNRMDBMLUZWSWhZOGlRTU9nLTZLWWJLNjhuNTFpVEd3ZmFJU2twQU1vNnlrMjBkNHFkekhOekdnR09ETHNtQTZfMkdEVWRIaWFs?oc=5,"Mon, 08 Jun 2026 07:00:00 GMT",Ingredion's $5B Buy Targets Demand for Healthier Food Ingredients    Powder & Bulk Solids,food_beverage_deals,2026-06-22T02:57:29.429937+00:00,RELEVANT,"uncertain: FMCG keyword matched, no deal keyword (possible sector commentary, or unusually worded deal)"
Stars + Honey Secures Growth Equity Investment Led by VMG Partners to Accelerate National Expansion - Business Wire,https://news.google.com/rss/articles/CBMi6gFBVV95cUxNU1VNc2NyM2xjR04xZ294TTN6d0hVWVNkQWJ6Wnkwb3c1S2FNNjJEMEc5dE9MM3JiY3VqNG0xOWpQR3k1b3IyRzhHRFIyVElmNkgzcHB1cGtPUElzRlJZZlNHNk1lSnFqLURweFM4ZnZpVnYwblJpQXBPeGs0NlN0SWJPNmZ6REZ0TUtnMlVmek5DbFEyZmpPNzR3NzNra3ZzWnczQUlNUGlBeXRTaFNJcmlCQ0Qwdk9QQzdxWDBBd0RSMVZ6NjVKNk5Xa0VxWlpjd2NWZTNVTElSLXRra283VU1oV1JobktET0E?oc=5,"Tue, 09 Jun 2026 07:00:00 GMT",Stars + Honey Secures Growth Equity Investment Led by VMG Partners to Accelerate National Expansion    Business Wire,consumer_investment,2026-06-22T02:57:31.568015+00:00,RELEVANT,"uncertain: deal keyword matched, no FMCG keyword (possible off-sector deal, or FMCG company not on keyword list)"
Beauty boom to fuel more dealmaking as FMCG giants chase premium brands - Moneycontrol.com,https://news.google.com/rss/articles/CBMi1AFBVV95cUxPOGxIYjFIRE5pS2g3YzNiZXI4TlVnZ0FuMkRMalhucEhxRzZGQnpmRnFlWExCY3RyRlkxOXk0SG40SUxCUEY3OHRLOC1STmRVR0VWbE9qMFBCVTlLSHZSbnliVmhUUEtNZlFmaGx6TUpzajJfVnhhcXVWRklDaFc0TXhtOFQ5MDNUNTJvczNzMXJzU3lUQkpVenJBYV85N2dEN1ZEdXFDdFZ0REdwQ0hIX3IyREhfc3ZXSGdHN0padDVkazlVT0hLaXd3Tl9fVHdrbW1pMNIB2gFBVV95cUxPRXZaTkFyMlN5RkJYcDkxZzdJYTF0ZEwwbHRiU003Wkxra0lvalJRUkZMVXpYU1dKYlM0X2lZckhLajVSTDN0UU9tZEpmMndaOFFDN1FPY1JxbGtBRV9KZHAtVDgzTjRJWEw5RlRSWEpWVlgxVV9EY2ctRWx3T0t3VmMtWlpIMGZrM1luQjY0YUk5d3FzaldXdDVSX0xDNHFHTGgyRlhrTExwbHNmb3k5VGVENUdkT1JKLThYaEpZazkwY0E1LXlzOWNudFkwaWt6QXpPdE5qZW1YUQ?oc=5,"Tue, 09 Jun 2026 07:00:00 GMT",Beauty boom to fuel more dealmaking as FMCG giants chase premium brands    Moneycontrol.com,fmcg_acquisition,2026-06-22T02:57:26.857754+00:00,RELEVANT,"uncertain: FMCG keyword matched, no deal keyword (possible sector commentary, or unusually worded deal)"
Maggie Beer moves to offload hampers unit for $10m - Food & Drink Business,https://news.google.com/rss/articles/CBMimgFBVV95cUxOM2NUd3ZRZWQzRm55WnVIRnhWYlBQYTBsclFxdGJyR1ZubUUySXZOUk1feFJpbS1BVlJjejJTQWdvS3NEUElvaFNwNWpiVElNNExkSVVsa2JtTGRLRmxsX2lzbVNVeW9RR3ZiQjE5RWlVVGJvakQ3NkJKZjNNLUhiZVZBYWJ5WE1fTnp2OU5veHVhXzQtVkM0dGdn?oc=5,"Tue, 09 Jun 2026 07:00:00 GMT",Maggie Beer moves to offload hampers unit for $10m    Food & Drink Business,fmcg_acquisition,2026-06-22T02:57:26.857754+00:00,RELEVANT,"uncertain: FMCG keyword matched, no deal keyword (possible sector commentary, or unusually worded deal)"
Solina expands into Beverage Innovation with Acquisition of Twang Foodservice - PR Newswire,https://news.google.com/rss/articles/CBMizgFBVV95cUxNdkZlVEM4amg1RXF6RGRpanNpSExOdWlaZ2k3QUFMZjYyOHlCU0pvTVJjQW9tMnVmSEdTZ2lxckJCbkIwdjhFNEk0Z1FDQkd3Y0xIMzJ5Z0tfR0FMWjV1ZEw4RWlUUEljWFRJYVVwa0lycnJscm1xR0RfY05KNWJ0b05sY3BtcTVsQjFvRk5XMDhPUGc5SGRnZG9NZm4wQkNDanBaTzc1emFsWEhEYnFGWTVnZHFHUnRzRGd3SEJVd3NqajJfQVhVc2pEWFFDQQ?oc=5,"Tue, 09 Jun 2026 07:00:00 GMT",Solina expands into Beverage Innovation with Acquisition of Twang Foodservice    PR Newswire,food_beverage_deals,2026-06-22T02:57:29.429937+00:00,RELEVANT,rule: deal keyword + FMCG keyword both matched
India ka Beauty Market: FMCG Giants ki D2C Brands par nazar! Kya investors ko hoga fayda? - Whalesbook,https://news.google.com/rss/articles/CBMi4wFBVV95cUxPQVVGOUZwajNOMTBHdzNsUkpsRGhXUXpudE5WVmpyN3ZmaDRkTjBOOTE4cnl6WnB4MW45Qk12N1lWUE1mYUU4XzlseXdBSEl4ejNaSmZBR1NnbXVEYkJBWWZVbWxmUHVTaC1sWV8wVy13cjkzUW9sYnF4YTd2RW44ZFhRLWg3azNCY01lR2o5MGpHVVpja1dQRGdpMW5ndnlNcVQwb2EtaGlxZE1nNFhoNFZacXgtWFNSYTZFeFBSaGJyYVVTMFE1YjlTNTM5LTZhQUluS1U3TjBIOWR4TlhJXzgzcw?oc=5,"Tue, 09 Jun 2026 10:25:40 GMT",India ka Beauty Market: FMCG Giants ki D2C Brands par nazar! Kya investors ko hoga fayda?    Whalesbook,fmcg_acquisition,2026-06-22T02:57:26.857754+00:00,RELEVANT,"uncertain: FMCG keyword matched, no deal keyword (possible sector commentary, or unusually worded deal)"
FMCG Giants Race to Capture India’s $40 Billion Beauty Market - Whalesbook,https://news.google.com/rss/articles/CBMi4gFBVV95cUxNSFpYak5aTi1GU3oxWDhvbE9mN00zX0lxc2xDSFRJbEFOb2xVUng2b3ZWTnhjSnpTYW9YR3R6Z2RwOEN1cnlGbGRUY2NYdmNoYU1RT1dRbnpqT3ZyTU52ZGJhRi1aaHp2V0djYktEU2FTTy1FSHBwVXFlU1BpV0doYkMwdkdkTF9sckVYOFBQXzVxWTVIYWJQZjF0Vmt0THExenpGVEVjc0U0REVJR3NvcjdPU0UyLUVRQk9oX2FrenZ3REl0Z3lfQ3NZTjhxSjM0VElBODFvYzEzY0Z5dE13UTVR?oc=5,"Tue, 09 Jun 2026 10:25:40 GMT",FMCG Giants Race to Capture India’s $40 Billion Beauty Market    Whalesbook,fmcg_acquisition,2026-06-22T02:57:26.857754+00:00,RELEVANT,"uncertain: FMCG keyword matched, no deal keyword (possible sector commentary, or unusually worded deal)"
"Casey's to open 120 stores through acquisitions, new construction - CSP Daily News",https://news.google.com/rss/articles/CBMinwFBVV95cUxPXzk0eUNELUVnSEF2MURfdTJEY1ZOMGtyS1hrNlNsbkdyVTFwVmlUTWNUWkc2U2EzWG9ULWRXdnJxaUJBblc5bjhaY1JuTlpSLWZzOVVPQ3pYN3pWSjRDVTdyRlplalp4MTBLOENrbDVISjA1WVh5dnJtbmpoY0E0QUtFWTZUSG5QUlpqSDZqUC0wcHBVcnh6djdZYnBhQVk?oc=5,"Wed, 10 Jun 2026 07:00:00 GMT","Casey's to open 120 stores through acquisitions, new construction    CSP Daily News",food_beverage_deals,2026-06-22T02:57:29.431941+00:00,RELEVANT,"uncertain: deal keyword matched, no FMCG keyword (possible off-sector deal, or FMCG company not on keyword list)"
Disaronno Group Completes Acquisition of Amaro Averna and Zedda Piras - Food & Beverage Outlook,https://news.google.com/rss/articles/CBMixAFBVV95cUxOSjZBNmFCYThtLVFlT25WQnlmLXRBX0RoWFNsVzNlNi1lX29BREJaZzV6M2JVdVN1TExDSmg1QWZROU9BUzVlMC1NQ0NDSmJwSU5FT0p0RGFvcjBQQUp6RVFKOHlQM21pVHRSYloteEhwclAtaWp2OXlwb2tmTFFWZGZ4cENIYkxWTUNWS2Z0OVR2aEJCc3dfM1RsTzN6SHRMS1A0MFN1Vld6VDRJOTBmeHdhUkhyb1ZuUFF6ZlpwWDZ5T1lX?oc=5,"Wed, 10 Jun 2026 07:00:00 GMT",Disaronno Group Completes Acquisition of Amaro Averna and Zedda Piras    Food & Beverage Outlook,food_beverage_deals,2026-06-22T02:57:29.429937+00:00,RELEVANT,rule: deal keyword + FMCG keyword both matched
Ingredion agrees to acquire Tate & Lyle in major global food ingredients deal - Milling Middle East & Africa,https://news.google.com/rss/articles/CBMioAFBVV95cUxQeFdsYW01dC1Qd2psMmVob2pWSk1jbXdJS2tZT04zY2RWZ1dVeW1jb3V6Mkc3anptWXJUcnl6U1JyX2h2bGhudExfNlJzcXcyUW9ZOHpBRUVrejNqOFlvNVpsNXpneUd0a3FyZTVobXpCOXJzWmVkTGhQWHY4aDJkM2RBNEFaUlNLdmdQd2NxY202bzVXYUJxOFFqa09CcXNU?oc=5,"Wed, 10 Jun 2026 10:16:44 GMT",Ingredion agrees to acquire Tate & Lyle in major global food ingredients deal    Milling Middle East & Africa,food_beverage_deals,2026-06-22T02:57:29.431941+00:00,RELEVANT,rule: deal keyword + FMCG keyword both matched
A Fresh Splash in Beverages: FlavorSum Adds Beverage Flavors International - Business Wire,https://news.google.com/rss/articles/CBMiygFBVV95cUxPemZtLWt2WGdpT0NUMk55RDRHd2lvSkJKTVZIOTRERTgySWpMa0RINlFzSzVhYmE2emFjUHFFQVg5U1VfeVhQa0xPTV9RWHVLZml5UXlyZjZpbGZZelZwbmxYTHIyWHJOcTAtMVRTV2tUY2dmMVM4SVRKQldYV3cxZzNkYkVrbEl2S1NMUWdvQkdfSFRKV1VWRHdLSTJWUG5GNkJqempSM1hIRXhhWWVrbkFGMU1xX2xtYlY0RzZhRXFhUU9RWE5MNEtB?oc=5,"Wed, 10 Jun 2026 13:00:00 GMT",A Fresh Splash in Beverages: FlavorSum Adds Beverage Flavors International    Business Wire,food_beverage_deals,2026-06-22T02:57:29.429937+00:00,RELEVANT,"uncertain: FMCG keyword matched, no deal keyword (possible sector commentary, or unusually worded deal)"
Emami's Strategic Shift: Acquisitions and Digital Focus in Focus Amidst Growth Pains - Whalesbook,https://news.google.com/rss/articles/CBMi-AFBVV95cUxPWEdmcDF4djEtTjNiVURIN3lUUWNWeDM3c3JLTFg5TGQ5RldIR1dsWUdKYjZMay1Zc1YzdHBNeE9NTFU0S1FmbmNSaENCc213WXgtOHUyTXo5NXFKWVRwUkRBNHZrRnBtTGd4blhtcFV6X28yRUgwbXM1bzdWczFhbzRhZmllNENaQUJNdGNtMHFvWm5UaXZxX0hMc0Y1OG9yakJlSDVPNVpxeldaZ0dNblhTTFVPWmoydmQtR1F6YWNnVDZySXA1MndfaVFPT2E0Y0I4Q2V3Zkpkb0tzeFlDTVF5VVZiVUJIMnRCanF6Tk1PemJGQ0sybw?oc=5,"Thu, 11 Jun 2026 03:56:35 GMT",Emami's Strategic Shift: Acquisitions and Digital Focus in Focus Amidst Growth Pains    Whalesbook,fmcg_acquisition,2026-06-22T02:57:26.857754+00:00,RELEVANT,rule: deal keyword + FMCG keyword both matched
"Encore Announces Sale of Twang Foodservice Division to Solina USA, Inc. - Business Wire",https://news.google.com/rss/articles/CBMixgFBVV95cUxOM1hscnBDYUhCSGFENV9ZUzFWZFBLNTJ1UVY1LWpKUzlKOHcwZjVYV01VVFc0QnhXNVdVVVM0STlRYnZ2bmFHRzIyVFZ5V1NZTmoxamJ6Q0c4cm1CeHBKZlprdlJsMFlWY2tRdW1kOTh4NEJuQ2RaNkpBbHM2bTV0VERPWnRkeFdUS0N5dzRlUTdQTjZya2NSeHB2N1dzWnFNUnpjMkdVT0hJdXFVaUNCb2NPUjNVZ1Z2WHBKLWpLSzhQSGQ0N3c?oc=5,"Thu, 11 Jun 2026 07:00:00 GMT","Encore Announces Sale of Twang Foodservice Division to Solina USA, Inc.    Business Wire",food_beverage_deals,2026-06-22T02:57:29.431941+00:00,RELEVANT,"uncertain: FMCG keyword matched, no deal keyword (possible sector commentary, or unusually worded deal)"
Meesho acquires Kirana Club in ₹202-crore deal to expand grocery presence - Business Standard,https://news.google.com/rss/articles/CBMi2AFBVV95cUxPbzNvdER2S1duVUpNdjZwdnpRbm10YlFXZS00UGUwQnZKUVVndzZJalZ6MXYxTnViVUI2MFVobFZ6OHMxVFVxbVZoek02cUl6TjVTWEVoRXR0X0pkRTVlR21SV3JOYmNlZDV2UkV2Vi1NQUJ2Z1JtcE9KTnliMGVfdE9YLVgyamZEQnpLZFMzWGxwVFdpbzVXdjBKV1Y5V2t4MGhXWDZXZWNPVXdNampKU05UWWczWTRhRHZDdmxRd0hSWGNMSTNGMGdRTUdMWHVkbVA2WnhwaWjSAd4BQVVfeXFMTnBYd3dZOF9WNDQwZ05pU3pscEE5WWNWcWhMcmJ0bWhLUGxMRnhNOGRPeUtNQWNyanQ1dDZuT3lKQ1k2YlM4RzhvZy0xU05zcnRNcDloUWh0OHhrYTFRM0ZJV3JVTVpDTXNIZmRtbllhSUktRGp6bUloZmJ3blZPNVVmN0QweENWU29BMm9zOGJwTEFBX2N4UU8zbGZwZkZOclhGNXVmVkU2RDZUYy0xczB1M1NlSlJiNUlEOWNqZ0lNQklua0tyZTF3c3laQ2FiM01HVHBEUjB6NThpRVdB?oc=5,"Fri, 12 Jun 2026 07:00:00 GMT",Meesho acquires Kirana Club in ₹202-crore deal to expand grocery presence    Business Standard,fmcg_acquisition,2026-06-22T02:57:26.857754+00:00,RELEVANT,rule: deal keyword + FMCG keyword both matched
"Cygnet.One acquires majority stake in TechPoint Business Solution, strengthening SAP practice - CXOToday.com",https://news.google.com/rss/articles/CBMiyAFBVV95cUxNaWs0WTI3bGcyeU11V0lDZS0xLTE3ZHIwYVQzcC1OVXNGc2Ric3Z0blZsLTRFQzFNLVh3WXFwVmZJMFBfa3ZFTW1LOENZaExiWDZZa0RHMWh1cXZPYWNhUW41anNvWkNqeFE2Y1BQWWhhekxESzR3NWQwU3hJaEF4Z2phT3d0QUZ2NjZSdjlnblpaWUxybVdld2tHVnRLeU9RY1B6QWtXQXdzdktTRjYtdHhicXU3RHBPZ2I3OTFxd3BfRkhZRmVxeA?oc=5,"Fri, 12 Jun 2026 11:59:16 GMT","Cygnet.One acquires majority stake in TechPoint Business Solution, strengthening SAP practice    CXOToday.com",fmcg_acquisition,2026-06-22T02:57:26.857754+00:00,RELEVANT,"uncertain: deal keyword matched, no FMCG keyword (possible off-sector deal, or FMCG company not on keyword list)"
Sigma Healthcare backs out of $14bn Boots UK bid - Inside FMCG,https://news.google.com/rss/articles/CBMijwFBVV95cUxOdmJ3OTc4Z05YbFNTLVhEOVN2Y1JOdlBZUTlESzk4RnVLenI1RkZfZ1ZYRnhYZmZ6Z3NZamprS2pGaHZnOUtNc0I5c3hKaGlCODB0enFPVE5ZVXg4OFFVcXNjTGNsQkx5eV9lUXlIQVJVZTlZc1J5TjNxV1hMUGtRUmVGQUFKQXFZYS01UkJPTQ?oc=5,"Mon, 15 Jun 2026 01:57:40 GMT",Sigma Healthcare backs out of $14bn Boots UK bid    Inside FMCG,fmcg_acquisition,2026-06-22T02:57:26.857754+00:00,RELEVANT,"uncertain: FMCG keyword matched, no deal keyword (possible sector commentary, or unusually worded deal)"
Polish Food Group Maspex Acquires 80% Stake in Ukrainian Beverage Producer Karpatski Mineralni Vody. - ubn.news,https://news.google.com/rss/articles/CBMitwFBVV95cUxQYWlBZUlpUlBRbXdtQmZRblBLQS1PcXNLeHF5cm1JcEpUTExLYkFnMG5OU2pXdFUzRGhXY0xXTkNudDh5Z2FiZWpFUGttX1N3c3BZSmdQeVhZZXhkVEdXSnJUcElIeWp4aDNRTHNNLXZUT2JMMkg3aTRNQ0xkWnctQVNXNV9BM1RsVWRudGNLc2NuNG5HOEYwOFgyNkgzWEROV2QxUS1YS1NXUlJyUFlLN3BSaWZOSW_SAb8BQVVfeXFMTzNuc3pNcTJQZURDY19KakxFN2txYjhDMDQ3dE8wc3hoQTdrLXBLS3RXbFV1V05PdjBKdnpYeV9ZckZ2T0NucnFTOEc0Q0FvLU5aSTFmREF1c2dscE93TjNDOTJxR3phMk54aWxqcllXM1pta0lnT1l4d1VURzRsZ2daMV9TbVpzVFBrZXNpcWh3b0x0NjdxT2pfMmZIVDhDVHdNc0lhb1dyYVl2Zi02STQ3MWhSR183bnhoX3pROWM?oc=5,"Mon, 15 Jun 2026 02:12:28 GMT",Polish Food Group Maspex Acquires 80% Stake in Ukrainian Beverage Producer Karpatski Mineralni Vody.    ubn.news,food_beverage_deals,2026-06-22T02:57:29.429937+00:00,RELEVANT,rule: deal keyword + FMCG keyword both matched
Meesho stock slips 1% after Rs 202 crore Kirana Club acquisition - TradingView,https://news.google.com/rss/articles/CBMixAFBVV95cUxOcllqd3BHa2FULTNjODN1U05YMkFBYzloRHNFRGM0eDRhaXhTOUptS2VPUVNKNm84SUZMNlNZMFo0emtOREEyRy1EeDBEZTZ2MTZnM1RBQ2FYX0xTbFJHWTZqX1I1Q0JfZmExdHFjLURuY0F3X0xiQll2bUVTZVVnMnVzcFpwckVpR3VrNnlLN2Z1X3VuMGhWcjZaMDBCQmNXd0FvZGhSeXlUMnp2SURjQ0NWRDNWMXNCczQ5c1ppTHRrRXhf?oc=5,"Mon, 15 Jun 2026 06:41:00 GMT",Meesho stock slips 1% after Rs 202 crore Kirana Club acquisition    TradingView,fmcg_acquisition,2026-06-22T02:57:26.857754+00:00,RELEVANT,rule: deal keyword + FMCG keyword both matched
"FMCG stock in focus as promoters purchase 4.50 lakh shares via open market, check details - India TV News",https://news.google.com/rss/articles/CBMizwFBVV95cUxPTkEweTZZek1RVTk4dFo1aDdkVDdJaU5BZlJrQV8yS0ZRUzI0YzRnSzZPSlJOYWxqcFJaVGdMVmpSTHpmanpSYldLdVBjZ2JVOVFQUWU2TTdSaTJfRzROWmlhQXhyc3VqSHI2b180azY5ZUtLSUJtZzVKalBGV1A5TG92VC1GRXQyYmUyRXpLQ1A2aS03SFQzZVVhYl9GaldEc3R4a2xKTDhGdF9XX0JfMVZ3cHF4NFoxSndpYzNOS1A3cWVlbWhrTzBiWnpadVXSAdQBQVVfeXFMTWVYUmpZRjQ2aU5IeGxEWVA5LVdhVTdaV0NuOFc5dGZUcVJRd2JsOTlmWjBIYmQzdnJDeGNmaXlDUnNyZDM4MWFoX2x0b1JaSXBDRmdoUVBFcmlRN2ktLWNyLWxWbjJGck9DdmFFanc0RlRnbkVBMTRDT0w1MVFILUswZTJCSmxEM0pzYnNPZzhRYzhHZ0dmZkpHeGV0WmZITFl3WHB6cm5OQ3lGWXEyOXo1XzN2UjRFVURKX1FyX2lPVXNSVVpUQjBjbDJCbGtKSmhZODM?oc=5,"Mon, 15 Jun 2026 09:55:01 GMT","FMCG stock in focus as promoters purchase 4.50 lakh shares via open market, check details    India TV News",fmcg_acquisition,2026-06-22T02:57:26.857754+00:00,RELEVANT,rule: deal keyword + FMCG keyword both matched
Exclusive | New Fund Backed by LVMH and Top Pro Athletes Invests in Activewear Brand - WSJ,https://news.google.com/rss/articles/CBMitwFBVV95cUxPS3VNeGxWUmVGSkdLa1BkdklMWmJ1a1YtclI2SjZibk9pYVBiZ1F6ejBpQThld2V6VHJscFFvVjdiYUdlWFR0bzVjdmk1LWowYkRCQjJzSWZqNmRwOV9saUZHTlRTTGlydTlRNGNSUnlTVGJSTHRQLVk3X2tsVG9oNVVuMk5ZbkNSRlA3WG5SYW5aU3dLdWd2M0VMc1R3Tlpncy1sV012LXFWTFdCV1ZQdlR4TDl1b1E?oc=5,"Mon, 15 Jun 2026 11:00:00 GMT",Exclusive | New Fund Backed by LVMH and Top Pro Athletes Invests in Activewear Brand    WSJ,consumer_investment,2026-06-22T02:57:31.568015+00:00,RELEVANT,"uncertain: deal keyword matched, no FMCG keyword (possible off-sector deal, or FMCG company not on keyword list)"
FlavorSum acquires Beverage Flavors International - Food In Canada,https://news.google.com/rss/articles/CBMiogFBVV95cUxOUUdBQTdLbWlpa0dDYXRMaHBmMnF2VVdLd3VaS0dnaVVHcFNFcGN4d2NBSW9mSGtzbk1wMGo1ZGtLNVpIdmRQOXBSYms0OW9aRWJ3QVZEaTFlQ0xBd0dZTU5JVTRodUk3WTB0bVlTUVFxdm4wbUNPWkNDWEJncS0wMzFMTUVvajNBam9YTzFvVkpCMkw1YW4yZW0zU0VMcFJsYVE?oc=5,"Mon, 15 Jun 2026 13:12:55 GMT",FlavorSum acquires Beverage Flavors International    Food In Canada,food_beverage_deals,2026-06-22T02:57:29.429937+00:00,RELEVANT,rule: deal keyword + FMCG keyword both matched
Fresho acquires UK software provider - Food & Drink Business,https://news.google.com/rss/articles/CBMiiAFBVV95cUxON19Wakh4MUdxVkFGVTlkYS00WG1RNnRJR0Rvb1ZjMWI5cmZFdjk1NEI3d2t2bGZaUHVSbnRKZERNVmtEZWZhS2tIaTlHeV9qaGdmREhrOF9vSHNxQktoR25PUElveHZiQkNhQTRqOVUyeFBwaXBzLW9FNG9LZGtlNVY0WGtuRXVo?oc=5,"Mon, 15 Jun 2026 21:40:09 GMT",Fresho acquires UK software provider    Food & Drink Business,food_beverage_deals,2026-06-22T02:57:29.431941+00:00,RELEVANT,rule: deal keyword + FMCG keyword both matched
Eileen Secures Strategic Investment from DisPact Ventures to Scale Retail Execution Platform - The AI Journal,https://news.google.com/rss/articles/CBMiswFBVV95cUxOeEF2NmdfTWJfcDVJb3pGcmhzaU9YYVZ3REpZZUJEYlFfdG41NHBIUWJuYXZqX0I4RW5haUZTS19tR2pkUmpPOFdyLXh5NEdfM2VzdzNYZjlnQ2t2VVBPQzQ0cU9lQkwxR3lvenZ5NThlMElIbVRLYjJLbXp5UmZiVnFYY19XdGFsNzJ0TjB6akpKWFFOcjZObjQybmRzdGhOT1BubDFuOVhRNHE2ajRCVHZfQQ?oc=5,"Tue, 16 Jun 2026 13:43:30 GMT",Eileen Secures Strategic Investment from DisPact Ventures to Scale Retail Execution Platform    The AI Journal,consumer_investment,2026-06-22T02:57:31.568015+00:00,RELEVANT,"uncertain: deal keyword matched, no FMCG keyword (possible off-sector deal, or FMCG company not on keyword list)"
"As companies' investment and consumer sentiment improved, the turnover rate of checking deposits use.. - 매일경제",https://news.google.com/rss/articles/CBMiUkFVX3lxTFBsbWo4aGkwQWtnRERmc2YwaVhteWtINUowM1M2c0lPRGRCYjZZa05WZ3F3X0ZtQTBXbGlOYUZfSjl5T0VBSTZGSm5vcWg0ejVGZlE?oc=5,"Wed, 17 Jun 2026 01:17:04 GMT","As companies' investment and consumer sentiment improved, the turnover rate of checking deposits use..    매일경제",consumer_investment,2026-06-22T02:57:31.568015+00:00,RELEVANT,"uncertain: deal keyword matched, no FMCG keyword (possible off-sector deal, or FMCG company not on keyword list)"
Shanthala FMCG confirms no share encumbrance in FY26 - scanx.trade,https://news.google.com/rss/articles/CBMirgFBVV95cUxQVXJtRUVPejFteVg2Vzk3NFpYUkI4b1M1UU5sUDUyb0FXMzBKdmFMWWdJWFhoMjF5Nl9PRlI5OGVMRGU0S2h3cUF3VkhHM2FhLUE1dGtmVTVFdUNfNnFYTEhKTzE2Ym0wZkpjTVM0Z0F6LTQ4b0ltZ3FSYkRHaFJac2p0M0xZRzNWUXhjTlk2UFFNWktUbG1HcXFWU1NUYkhjYmNLXzFUa19NLXNTTkE?oc=5,"Wed, 17 Jun 2026 03:41:03 GMT",Shanthala FMCG confirms no share encumbrance in FY26    scanx.trade,fmcg_acquisition,2026-06-22T02:57:26.857754+00:00,RELEVANT,"uncertain: FMCG keyword matched, no deal keyword (possible sector commentary, or unusually worded deal)"
Signet Bank finances the growth of Latvian private equity firm Global Champs through the acquisition of a mushroom farming company in Lithuania - The Baltic Times,https://news.google.com/rss/articles/CBMiggJBVV95cUxNcThDcjZZQVpNMWt6S293ZFg3Tmg4U1FRdk04NmRqNC01N0RNeFVTS2dKbHA0c0tNVXRmQ3V2UHM4R2k3RXZOYmRMUndlblR0V2xEdVJLNUh2eE1zY2NOTHRmN0gtUnlMRlhDRDdGQkhqam0tUWdqNVk2SmpLcHBXQzRDRjR5T1BiU2dDXzZIZVhqcnRqQ1pNZWdnOVc1eklBckJUSnlCUzdpcVJaOTRZbEViX1pIdk5pNUtNRHpfQ0hvYjlla3RMMlE2bjlMd08yOGE4ZjVMSWRMNkcwVlhZWkdjUFpBNUxDSzVPNEFHVWdmdTBzb2RSeWdhZW5KdkhabXc?oc=5,"Wed, 17 Jun 2026 15:40:17 GMT",Signet Bank finances the growth of Latvian private equity firm Global Champs through the acquisition of a mushroom farming company in Lithuania    The Baltic Times,fmcg_acquisition,2026-06-22T02:57:26.857754+00:00,RELEVANT,"uncertain: deal keyword matched, no FMCG keyword (possible off-sector deal, or FMCG company not on keyword list)"
L’Oréal acquires majority stake in Innovist as global giants double down on India - Mint,https://news.google.com/rss/articles/CBMiyAFBVV95cUxONVA1bXB4N3RBNUFnbXd0bDhaTUZDamFnSFdXempqTk80MEpCb2VkOEoteGVENDZtS1JXNmdsRGhYMzYyMEVLUDRZRVJIeUx6QlV0VzNXZms1QlJVNDdLQnhybWFmeVdPc29tRUVMYURwQmJZWGt4bm1UVkVqQTdzRWd5VklaUE5fbTU2cEk0T08wSzdpNzdILTlYTlJiS2ZJM19DMm5IRXFvbVkwamtmMk4tMmtjNlhiV2xpcGhscEhnRFVqTUlBLdIBzgFBVV95cUxQNzZtVzFVSm1id3F0cXhlV3BuLUs3Tl9IYkxWWDhadHphU3JERzRzZVpHd2QwSWZhLXFMMjUySFR4TmVzUnNqRzFlaUN6NlVHdWJqc2ZfOUhxRXlxNmVBdDB5bHZqR3g3empNYkFydS1SUXJKQ1VkUWtqUWVJWU9oamhET3VkM05uYW9haWduYWsweXRTanAzM1NzTlY2Mld6Z19kNThnczdGaWxPb3VMUUNYbWFSR0YtT2NvWVlrcUZpcnlVRHUwbDBfMEZrZw?oc=5,"Thu, 18 Jun 2026 09:07:31 GMT",L’Oréal acquires majority stake in Innovist as global giants double down on India    Mint,fmcg_acquisition,2026-06-22T02:57:26.857754+00:00,RELEVANT,"uncertain: deal keyword matched, no FMCG keyword (possible off-sector deal, or FMCG company not on keyword list)"
Beauty becomes the crown jewel of D2C deals as FMCG giants chase premium growth - BusinessLine,https://news.google.com/rss/articles/CBMi3wFBVV95cUxQdE1UcW1wdEVJd1YxYldtZ2FoUVExQWdBZkNqUkVRUHM0QjdldW94bTJSYXNrckczZlY2aEdmRUpjeHFNeklJYmdVcEhxMlVLWjNxdUxheTlQWU9VMmx3ZHFLUURvOXJWaXByZFFjaDdlZXBGV3N0TmFZc1Z1T2lXNHprRU05RFNqTEZ5TFRGb014V2VzTG1yZ25WUFV1VzFjZ1hMa1ludkZTb2p6TkdfU3FoVTZhWWFsaktqMlZERTdaRjJ2MWtrZEFxdjdsVlBBMmlKa0ZGQzc1WEh3em1R0gHmAUFVX3lxTE54OVJpM0FtT1hkUDhwX25PaFZwQU13b1BUUFJXRXl4LWFHbzFraFVodTY1R01LRExYWXNtODdhdnlxSzlIOUg5TE5oVmE4Y3NQY3VKVG9pUkpEcWNyekowaHNWYU5zSm9xX0JOQVhtbHVJUkxpdVpVLUcyXzR2S3NkMmpYVTYyQmtpN2FfaEhvV2ZpRVdCTm9tMXh6bWhvUVhMUldnY3pWSklIRF81a013RnRSLXMtcWRmdnlqbXd6cVY4NF9ibUNhYlg2ck1Fd0pCWkZIQl81U3JaNHRFRV9xTHF5WE53?oc=5,"Thu, 18 Jun 2026 16:16:57 GMT",Beauty becomes the crown jewel of D2C deals as FMCG giants chase premium growth    BusinessLine,fmcg_acquisition,2026-06-22T02:57:26.857754+00:00,RELEVANT,"uncertain: FMCG keyword matched, no deal keyword (possible sector commentary, or unusually worded deal)"
Blue Sapphire promoter taps 360 ONE for private credit to buy out PE investors in AIMS,https://www.livemint.com/companies/news/aims-promoter-raises-rs-415-crore-private-credit-buyback-orbimed-bii-stake-11781761485572.html,"Fri, 19 Jun 2026 06:00:26 +0530",360 ONE-backed funding of  ₹415 crore helped Pandey family consolidate full ownership of Delhi-NCR hospital chain amid rising promoter-led buyouts in private credit market.,livemint,2026-06-22T02:57:35.039815+00:00,RELEVANT,"uncertain: deal keyword matched, no FMCG keyword (possible off-sector deal, or FMCG company not on keyword list)"
FMCG giants focus on beauty brands in D2C acquisitions - Indiatimes,https://news.google.com/rss/articles/CBMiygFBVV95cUxNMzZSR19PZGR4bTZINmpBLUxrWWdyeVB0eXJ1aG5QdXVuVU56NmxoV0h5ZVdCTzlEN0xHZ3J3MFNLRXdZSDVqZ3A4WU5xb1ZFejN1bDF5NFRPRGFkc0ZWZ090VDZEQmlnYV9xaGE2bVBYeEdZeWhOUHU4QXh4QjdIWnRQWHpmM0w0dEJnTU9pa1BRTzlZMUdUbXpWOFd6VXNlQ3RyLXVfR0VyeWZ1MTExUEZ3WVJyR3Y5dHZoWThTZDZxMllLeG1uLU9B?oc=5,"Fri, 19 Jun 2026 06:03:02 GMT",FMCG giants focus on beauty brands in D2C acquisitions    Indiatimes,fmcg_acquisition,2026-06-22T02:57:26.857754+00:00,RELEVANT,rule: deal keyword + FMCG keyword both matched
Žito Group Completes Acquisition of Zvijezda in Deal Worth Over €115 Million - connectingregion.com,https://news.google.com/rss/articles/CBMisAFBVV95cUxOS2NpZ2YyVmhPYV9LVi1LaEJzcHA5WFBnZWtKd2hPaXJLQkdFdnJCZnlodEc4aDBjdFZuaFZjUHhDRWRqOW5oWHFRWmJRV18tVGJwQU9JUy1sU0tFSHZDUGJEWnQ2elc5QmlUT2E0NmlBZW9Tc2EwdjZJa3JEVndwdkpxQ0VfWEdEWXZYLUp0Z3doUHF3SHMzNnhmdkNQRS05ZGlPeVYxa0RRT3NmN2FkTA?oc=5,"Fri, 19 Jun 2026 08:37:11 GMT",Žito Group Completes Acquisition of Zvijezda in Deal Worth Over €115 Million    connectingregion.com,fmcg_acquisition,2026-06-22T02:57:26.857754+00:00,RELEVANT,"uncertain: deal keyword matched, no FMCG keyword (possible off-sector deal, or FMCG company not on keyword list)"
"RIL AGM 2026: Isha Ambani announces Rs 30,000 crore investment in AI-powered food parks - Storyboard18",https://news.google.com/rss/articles/CBMi1AFBVV95cUxPTW5XdGVWQ3NVSm9vQThiZDRlRjZncnV6bTRubXU5ME5uNHl6akhMeUdaSGhrV002VXZRQzdkVWdWUVR6M1lzeE8zNU1WbEQ1S3FvTXhvNU5kZ1R2b19ONHV4SHpWRUp4Vnd0MkxKbDBVVEZyRmVZMU9Pb20ycmgxTG5jOHUyV2swVURtem02Qm1KVFMtVno3d0tTME51a2pqaXFvdnRsY2JGNGp5WC1qbUNSTFpLazR1Y2txT0tiSGVpa2x1aTRvVFRVV096MGtCQ05hNNIB2gFBVV95cUxNcG8xSFJXY0lRN0lrM0tqYzFOa1V6WFVjQlB4OUlXMzhBWGFGNTRuM2dVUHczMVk3cEY2bF91ckctdkJXbHU1a1lBWGlHazZxTmJfM0hheTlQNkFvU1NoaWFBaWpTY3MzRUJqR01MaVRmZTFWSVFmazFidnRqYzRLVG5aTkU3ZHRDODR2ZHNVVXZVZS1zTV91QkFMOVZ4ZEh2M0k5Um9vVFVlXzJEQml1WDV2SnlUTndUSVcyX0dXU09oMHlWdnJIeUYtY0NnbTlDSHNHUTZUTEhadw?oc=5,"Fri, 19 Jun 2026 10:04:36 GMT","RIL AGM 2026: Isha Ambani announces Rs 30,000 crore investment in AI-powered food parks    Storyboard18",consumer_investment,2026-06-22T02:57:31.568015+00:00,RELEVANT,rule: deal keyword + FMCG keyword both matched
Döhler’s Nukoko acquisition accelerates cocoa‑free chocolate - Food and Drink Technology,https://news.google.com/rss/articles/CBMirwFBVV95cUxOdmkwZDBIdm9hUDRIMm9Hb3A4S1Z6V1hWTi1ldFBjSDB2NFJPSk4wZE5sdFM5ekVxRkxaNU94WGFYMlItSHlMSEp4Z1JWaWNkTDR5dG82Q0J3b253bVp0QW80bG40SHlQSHl3bndZVzExUUwzcU9FeEoyU2VTZjdMclNwdGktQWk5VkFaMFIzRkQtOUExS0dPcTN3T2JWRlBYTlRzOVZ1RzA5b3RnVDBF?oc=5,"Fri, 19 Jun 2026 10:46:30 GMT",Döhler’s Nukoko acquisition accelerates cocoa‑free chocolate    Food and Drink Technology,food_beverage_deals,2026-06-22T02:57:29.431941+00:00,RELEVANT,rule: deal keyword + FMCG keyword both matched
"FMCG Stock Under Rs 100 Gains After Promoter Acquires 99,546 Shares | Do You Own? - Goodreturns",https://news.google.com/rss/articles/CBMiwAFBVV95cUxOMjRrTVNpS2pmNzNISmRBcFVXZVQ5YmY3dDhyWWNIUjNRSUxiZk1MelI3LXNZZFMtemVUdThjNHZ1UmllV2MtdGhuR2lxZ2E0UHJqV2ZVdHlnUzhNQm9KTGZUQ0h1Mlh2ei1TSlItbnpuSG5kTXFZOUxmeEtDMHhkNWFMX1h2TWY3RmwxcHNHWTB2UUdZMkFUWW4zY2JUajhzOWE1ejhBTFNSejZLamxmNVZrdHgwWjRkeERhOW5MaGE?oc=5,"Fri, 19 Jun 2026 11:56:00 GMT","FMCG Stock Under Rs 100 Gains After Promoter Acquires 99,546 Shares | Do You Own?    Goodreturns",fmcg_acquisition,2026-06-22T02:57:26.857754+00:00,RELEVANT,rule: deal keyword + FMCG keyword both matched
"Silicon Valley, sovereign funds and Ambani sit tight on their Jio stake in potential  ₹35,000 crore offer",https://www.livemint.com/companies/news/silicon-valley-sovereign-funds-and-ambani-sit-tight-on-their-jio-stake-in-potential-35-000-crore-ipo-offer-11781872330334.html,"Fri, 19 Jun 2026 20:27:24 +0530","Jio Platforms has opted for a fully fresh issue, with existing shareholders including Meta, Google, sovereign wealth funds and private equity investors not selling stock in the proposed listing.",livemint,2026-06-22T02:57:35.039815+00:00,RELEVANT,"uncertain: deal keyword matched, no FMCG keyword (possible off-sector deal, or FMCG company not on keyword list)"
"OpenAI wants to transform healthcare—and this Indian researcher, Karan Singhal, is at the helm",https://www.livemint.com/companies/people/openai-wants-to-transform-healthcare-and-this-indian-researcher-karan-singhal-is-at-the-helm-11781885145558.html,"Fri, 19 Jun 2026 22:05:22 +0530","OpenAI is investing heavily in healthcare as millions increasingly turn to ChatGPT for medical and wellness advice. Leading that effort is Karan Singhal, a former Google researcher who says the company's latest AI models are being designed to deliver better health guidance.",livemint,2026-06-22T02:57:35.039815+00:00,RELEVANT,"uncertain: FMCG keyword matched, no deal keyword (possible sector commentary, or unusually worded deal)"
Tata Consumer targets 17% Ebitda margin in 3 years via overhaul of distribution model,https://www.livemint.com/companies/news/tata-consumer-products-ebitda-margin-distribution-overhaul-fmcg-quick-commerce-general-trade-11781851429170.html,"Sat, 20 Jun 2026 06:01:09 +0530","Tata Consumer Products is strategizing to improve margins, currently at 13.9%, by enhancing distribution channels and leveraging quick commerce growth. Recent acquisitions have boosted its entry into food services and pharmacy sectors.",livemint,2026-06-22T02:57:35.039815+00:00,RELEVANT,rule: deal keyword + FMCG keyword both matched
Cabin crew error costs Japan Airlines CEO 30% salary cut — But it's not new to Japanese corporates,https://www.livemint.com/companies/news/cabin-crew-error-costs-japan-airlines-ceo-mitsuko-tottori-30-salary-cut-but-its-not-new-to-japanese-corporates-11781959630334.html,"Sat, 20 Jun 2026 19:48:22 +0530",Docking a CEO's salary to show accountability for an employee's mistake is a standard practice in Japanese corporate culture,livemint,2026-06-22T02:57:35.039815+00:00,RELEVANT,"uncertain: deal keyword matched, no FMCG keyword (possible off-sector deal, or FMCG company not on keyword list)"
"CCPA fines Storia Foods, Mrs Bectors  ₹1 lakh each over ‘100%’ claims",https://www.livemint.com/companies/ccpa-fines-storia-foods-mrs-bectors-rs-1-lakh-each-over-misleading-100-claims-11782040293856.html,"Sun, 21 Jun 2026 20:03:31 +0530","The CCPA also directs both companies to immediately discontinue the disputed claims from product packaging, websites and digital platforms.",livemint,2026-06-22T02:57:35.039815+00:00,RELEVANT,"uncertain: FMCG keyword matched, no deal keyword (possible sector commentary, or unusually worded deal)"
Indian deep-tech to see funding surge amid sovereign push: Celesta’s Viswanathan,https://www.livemint.com/companies/news/indian-deep-tech-to-see-funding-surge-amid-sovereign-push-celesta-s-viswanathan-11782036944376.html,"Mon, 22 Jun 2026 05:59:50 +0530","Sovereign investment avenues have gained prominence over the past 12 months amid rising geopolitical tensions. US government’s move to restrict access to Anthropic’s latest frontier models has sparked debate in India on the need to build domestic capabilities in AI, other critical technologies.",livemint,2026-06-22T02:57:35.039815+00:00,RELEVANT,"uncertain: deal keyword matched, no FMCG keyword (possible off-sector deal, or FMCG company not on keyword list)"
Why FMCG giants buy D2C brands - BusinessLine,https://news.google.com/rss/articles/CBMisAFBVV95cUxOMTJya185bldmaVNQWkNldVdVdlVqd1hoYjZIdUlyaS1nR055dU5TRVY0TTVqRGZ3VU0wUVBhTXRWZDRIam1jTjVDOGV2bVZRLTR1cnMzMzl0M2NzWnd2TU5XR3ZEV1Nabi1SZ1BBSHljeTBzWlhMLVFBT0FuV1ZKOTQwanNoR1AtY2lGSTc2Z19XRDVreEx0VmxBNXFuQ2d6UFJNODVoZEE0a2JVWjUxd9IBtwFBVV95cUxOYWZ3LUR6ZVRnQ3ZKNGdLVDR5Y0I2ZVZLVTZDVU92Znp6aFNMeTZaaDZfWElhZXpEOE9tYlo1SEhTNFpIbzFVelBjOEdEa2xCbmpCXzlHV1JOUlVtTHRTRDA3cmFrNWxvQi1INmMxVHY3RmpreTdMSTJTRHpyOXVSWkVHTGR1dzBwMXZvc1hKbzZjeUdEcUM2bG9NMEZvVkpCLUluRGtyMDJjR2wtQXBMTUtWbUk5Yzg?oc=5,"Mon, 22 Jun 2026 01:06:00 GMT",Why FMCG giants buy D2C brands    BusinessLine,fmcg_acquisition,2026-06-22T02:57:26.857754+00:00,RELEVANT,"uncertain: FMCG keyword matched, no deal keyword (possible sector commentary, or unusually worded deal)"
